Observer;Condition;SessionID;Block;Trial;Blink;Event;Value;Time;RelativeLocation;Direction
EBK1991m;blink;2017-01-23-12-14-49;1,0;1,0;0,0;Block start;;1485170143,47;-1,0;1,0
EBK1991m;blink;2017-01-23-12-14-49;1,0;1,0;0,0;Percept;1;1,22499990463;-0,394999980927;1,0
EBK1991m;blink;2017-01-23-12-14-49;1,0;2,0;1,0;Trajectory limit;-1;4,007999897;1,00049996376;-1,0
EBK1991m;blink;2017-01-23-12-14-49;1,0;2,0;1,0;Reverse rotation;;4,01600003242;1,00049996376;-1,0
EBK1991m;blink;2017-01-23-12-14-49;1,0;2,0;1,0;Sound;1.0;5,21700000763;0,395999908447;-1,0
EBK1991m;blink;2017-01-23-12-14-49;1,0;3,0;1,5;Trajectory limit;1;8,00900006294;-0,999999880791;1,0
EBK1991m;blink;2017-01-23-12-14-49;1,0;3,0;1,5;Reverse rotation;;8,01699995995;-0,999999880791;1,0
EBK1991m;blink;2017-01-23-12-14-49;1,0;3,0;1,5;Percept;-1;8,38400006294;-0,816499948502;1,0
EBK1991m;blink;2017-01-23-12-14-49;1,0;3,0;1,5;Sound;1.5;8,70899987221;-0,649999976158;1,0
EBK1991m;blink;2017-01-23-12-14-49;1,0;3,0;1,5;Percept;1;11,3499999046;0,666500091553;1,0
EBK1991m;blink;2017-01-23-12-14-49;1,0;4,0;0,0;Trajectory limit;-1;12,0090000629;1,00000011921;-1,0
EBK1991m;blink;2017-01-23-12-14-49;1,0;4,0;0,0;Reverse rotation;;12,0160000324;1,00000011921;-1,0
EBK1991m;blink;2017-01-23-12-14-49;1,0;5,0;1,0;Trajectory limit;1;16,0169999599;-0,996000170708;1,0
EBK1991m;blink;2017-01-23-12-14-49;1,0;5,0;1,0;Reverse rotation;;16,0249998569;-0,996000170708;1,0
EBK1991m;blink;2017-01-23-12-14-49;1,0;5,0;1,0;Percept;-1;16,5260000229;-0,746000170708;1,0
EBK1991m;blink;2017-01-23-12-14-49;1,0;5,0;1,0;Sound;1.0;17,2170000076;-0,396000146866;1,0
EBK1991m;blink;2017-01-23-12-14-49;1,0;5,0;1,0;Percept;1;19,3499999046;0,666499853134;1,0
EBK1991m;blink;2017-01-23-12-14-49;1,0;6,0;1,0;Trajectory limit;-1;20,0169999599;1,00399982929;-1,0
EBK1991m;blink;2017-01-23-12-14-49;1,0;6,0;1,0;Reverse rotation;;20,0249998569;1,00399982929;-1,0
EBK1991m;blink;2017-01-23-12-14-49;1,0;6,0;1,0;Sound;1.0;21,2249999046;0,399999856949;-1,0
EBK1991m;blink;2017-01-23-12-14-49;1,0;6,0;1,0;Percept;1;23,5920000076;-0,779500126839;-1,0
EBK1991m;blink;2017-01-23-12-14-49;1,0;7,0;0,0;Trajectory limit;1;24,0249998569;-0,999999880791;1,0
EBK1991m;blink;2017-01-23-12-14-49;1,0;7,0;0,0;Reverse rotation;;24,0329999924;-0,999999880791;1,0
EBK1991m;blink;2017-01-23-12-14-49;1,0;8,0;1,0;Trajectory limit;-1;28,0260000229;1,00050020218;-1,0
EBK1991m;blink;2017-01-23-12-14-49;1,0;8,0;1,0;Reverse rotation;;28,0339999199;1,00050020218;-1,0
EBK1991m;blink;2017-01-23-12-14-49;1,0;8,0;1,0;Sound;1.0;29,2349998951;0,396000266075;-1,0
EBK1991m;blink;2017-01-23-12-14-49;1,0;8,0;1,0;Percept;1;31,4670000076;-0,71649980545;-1,0
EBK1991m;blink;2017-01-23-12-14-49;1,0;9,0;1,5;Trajectory limit;1;32,0339999199;-0,996500253677;1,0
EBK1991m;blink;2017-01-23-12-14-49;1,0;9,0;1,5;Reverse rotation;;32,0420000553;-0,996500253677;1,0
EBK1991m;blink;2017-01-23-12-14-49;1,0;9,0;1,5;Sound;1.5;32,7339999676;-0,646500229836;1,0
EBK1991m;blink;2017-01-23-12-14-49;1,0;9,0;1,5;Percept;-1;33,1840000153;-0,425500273705;1,0
EBK1991m;blink;2017-01-23-12-14-49;1,0;9,0;1,5;Percept;1;35,2920000553;0,628499746323;1,0
EBK1991m;blink;2017-01-23-12-14-49;1,0;10,0;0,0;Trajectory limit;-1;36,0339999199;1,00349974632;-1,0
EBK1991m;blink;2017-01-23-12-14-49;1,0;10,0;0,0;Reverse rotation;;36,0420000553;1,00349974632;-1,0
EBK1991m;blink;2017-01-23-12-14-49;1,0;10,0;0,0;Percept;-1;37,1759998798;0,436499714851;-1,0
EBK1991m;blink;2017-01-23-12-14-49;1,0;11,0;1,5;Trajectory limit;1;40,0420000553;-0,999499678612;1,0
EBK1991m;blink;2017-01-23-12-14-49;1,0;11,0;1,5;Reverse rotation;;40,0499999523;-0,999499678612;1,0
EBK1991m;blink;2017-01-23-12-14-49;1,0;11,0;1,5;Sound;1.5;40,7419998646;-0,649499773979;1,0
EBK1991m;blink;2017-01-23-12-14-49;1,0;11,0;1,5;Percept;1;43,6180000305;0,78450024128;1,0
EBK1991m;blink;2017-01-23-12-14-49;1,0;12,0;1,0;Trajectory limit;-1;44,0429999828;1,00100028515;-1,0
EBK1991m;blink;2017-01-23-12-14-49;1,0;12,0;1,0;Reverse rotation;;44,0509998798;1,00100028515;-1,0
EBK1991m;blink;2017-01-23-12-14-49;1,0;12,0;1,0;Sound;1.0;45,2509999275;0,397000312805;-1,0
EBK1991m;blink;2017-01-23-12-14-49;1,0;12,0;1,0;Percept;1;47,7839999199;-0,865499734879;-1,0
EBK1991m;blink;2017-01-23-12-14-49;1,0;13,0;0,0;Trajectory limit;1;48,0509998798;-0,997000336647;1,0
EBK1991m;blink;2017-01-23-12-14-49;1,0;13,0;0,0;Reverse rotation;;48,0590000153;-0,997000336647;1,0
EBK1991m;blink;2017-01-23-12-14-49;1,0;13,0;0,0;Percept;-1;49,1429998875;-0,455000281334;1,0
EBK1991m;blink;2017-01-23-12-14-49;1,0;13,0;0,0;Percept;1;51,5679998398;0,757499694824;1,0
EBK1991m;blink;2017-01-23-12-14-49;1,0;14,0;1,0;Trajectory limit;-1;52,0509998798;1,00299966335;-1,0
EBK1991m;blink;2017-01-23-12-14-49;1,0;14,0;1,0;Reverse rotation;;52,0590000153;1,00299966335;-1,0
EBK1991m;blink;2017-01-23-12-14-49;1,0;14,0;1,0;Sound;1.0;53,2599999905;0,39849960804;-1,0
EBK1991m;blink;2017-01-23-12-14-49;1,0;14,0;1,0;Percept;1;55,7760000229;-0,855500340462;-1,0
EBK1991m;blink;2017-01-23-12-14-49;1,0;15,0;1,5;Trajectory limit;1;56,0590000153;-0,998999595642;1,0
EBK1991m;blink;2017-01-23-12-14-49;1,0;15,0;1,5;Reverse rotation;;56,0669999123;-0,998999595642;1,0
EBK1991m;blink;2017-01-23-12-14-49;1,0;15,0;1,5;Sound;1.5;56,7590000629;-0,6489995718;1,0
EBK1991m;blink;2017-01-23-12-14-49;1,0;15,0;1,5;Percept;-1;56,8090000153;-0,627999663353;1,0
EBK1991m;blink;2017-01-23-12-14-49;1,0;15,0;1,5;Percept;1;59,8009998798;0,868000388145;1,0
EBK1991m;blink;2017-01-23-12-14-49;1,0;16,0;0,0;Trajectory limit;-1;60,0599999428;1,00150036812;-1,0
EBK1991m;blink;2017-01-23-12-14-49;1,0;16,0;0,0;Reverse rotation;;60,0679998398;1,00150036812;-1,0
EBK1991m;blink;2017-01-23-12-14-49;1,0;17,0;1,5;Trajectory limit;1;64,0690000057;-0,997000336647;1,0
EBK1991m;blink;2017-01-23-12-14-49;1,0;17,0;1,5;Reverse rotation;;64,0759999752;-0,997000336647;1,0
EBK1991m;blink;2017-01-23-12-14-49;1,0;17,0;1,5;Percept;-1;64,5260000229;-0,772500395775;1,0
EBK1991m;blink;2017-01-23-12-14-49;1,0;17,0;1,5;Sound;1.5;64,7679998875;-0,647500395775;1,0
EBK1991m;blink;2017-01-23-12-14-49;1,0;18,0;1,5;Trajectory limit;-1;68,0679998398;1,00249958038;-1,0
EBK1991m;blink;2017-01-23-12-14-49;1,0;18,0;1,5;Reverse rotation;;68,0759999752;1,00249958038;-1,0
EBK1991m;blink;2017-01-23-12-14-49;1,0;18,0;1,5;Sound;1.5;68,7769999504;0,64799952507;-1,0
EBK1991m;blink;2017-01-23-12-14-49;1,0;18,0;1,5;Percept;1;69,4849998951;0,297999501228;-1,0
EBK1991m;blink;2017-01-23-12-14-49;1,0;18,0;1,5;Percept;1;71,4849998951;-0,702000498772;-1,0
EBK1991m;blink;2017-01-23-12-14-49;1,0;19,0;0,0;Trajectory limit;1;72,0759999752;-0,998499512672;1,0
EBK1991m;blink;2017-01-23-12-14-49;1,0;19,0;0,0;Reverse rotation;;72,0839998722;-0,998499512672;1,0
EBK1991m;blink;2017-01-23-12-14-49;1,0;19,0;0,0;Percept;-1;73,6349999905;-0,223499536514;1,0
EBK1991m;blink;2017-01-23-12-14-49;1,0;20,0;1,0;Trajectory limit;-1;76,0759999752;1,00150048733;-1,0
EBK1991m;blink;2017-01-23-12-14-49;1,0;20,0;1,0;Reverse rotation;;76,0839998722;1,00150048733;-1,0
EBK1991m;blink;2017-01-23-12-14-49;1,0;20,0;1,0;Percept;1;76,6429998875;0,722000479698;-1,0
EBK1991m;blink;2017-01-23-12-14-49;1,0;20,0;1,0;Sound;1.0;77,2849998474;0,397000551224;-1,0
EBK1991m;blink;2017-01-23-12-14-49;1,0;20,0;1,0;Percept;-1;79,4519999027;-0,682499527931;-1,0
EBK1991m;blink;2017-01-23-12-14-49;1,0;21,0;1,5;Trajectory limit;1;80,0859999657;-0,997000455856;1,0
EBK1991m;blink;2017-01-23-12-14-49;1,0;21,0;1,5;Reverse rotation;;80,0929999352;-0,997000455856;1,0
EBK1991m;blink;2017-01-23-12-14-49;1,0;21,0;1,5;Sound;1.5;80,7849998474;-0,647000551224;1,0
EBK1991m;blink;2017-01-23-12-14-49;1,0;21,0;1,5;Percept;-1;83,8759999275;0,894499540329;1,0
EBK1991m;blink;2017-01-23-12-14-49;1,0;22,0;0,0;Trajectory limit;-1;84,0850000381;1,00299954414;-1,0
EBK1991m;blink;2017-01-23-12-14-49;1,0;22,0;0,0;Reverse rotation;;84,0929999352;1,00299954414;-1,0
EBK1991m;blink;2017-01-23-12-14-49;1,0;22,0;0,0;Percept;1;84,8509998322;0,623999595642;-1,0
EBK1991m;blink;2017-01-23-12-14-49;1,0;23,0;1,5;Trajectory limit;1;88,0939998627;-0,998999595642;1,0
EBK1991m;blink;2017-01-23-12-14-49;1,0;23,0;1,5;Reverse rotation;;88,1009998322;-0,998999595642;1,0
EBK1991m;blink;2017-01-23-12-14-49;1,0;23,0;1,5;Sound;1.5;88,7929999828;-0,6489995718;1,0
EBK1991m;blink;2017-01-23-12-14-49;1,0;23,0;1,5;Percept;-1;88,9270000458;-0,58599960804;1,0
EBK1991m;blink;2017-01-23-12-14-49;1,0;23,0;1,5;Percept;1;91,6009998322;0,751000404358;1,0
EBK1991m;blink;2017-01-23-12-14-49;1,0;24,0;1,0;Trajectory limit;-1;92,0929999352;1,00100040436;-1,0
EBK1991m;blink;2017-01-23-12-14-49;1,0;24,0;1,0;Reverse rotation;;92,1009998322;1,00100040436;-1,0
EBK1991m;blink;2017-01-23-12-14-49;1,0;24,0;1,0;Sound;1.0;93,3009998798;0,397000432014;-1,0
EBK1991m;blink;2017-01-23-12-14-49;1,0;24,0;1,0;Percept;1;95,3849999905;-0,640999555588;-1,0
EBK1991m;blink;2017-01-23-12-14-49;1,0;24,0;1,0;Block end;;96,001999855;-0,949499607086;-1,0
EBK1991m;blink;2017-01-23-12-14-49;2,0;1,0;0,0;Block start;;1485170309,47;-1,0;1,0
EBK1991m;blink;2017-01-23-12-14-49;2,0;1,0;0,0;Percept;1;1,08500003815;-0,465499997139;1,0
EBK1991m;blink;2017-01-23-12-14-49;2,0;2,0;1,0;Trajectory limit;-1;4,00999999046;1,00099992752;-1,0
EBK1991m;blink;2017-01-23-12-14-49;2,0;2,0;1,0;Reverse rotation;;4,01800012589;1,00099992752;-1,0
EBK1991m;blink;2017-01-23-12-14-49;2,0;2,0;1,0;Sound;1.0;5,21900010109;0,396999835968;-1,0
EBK1991m;blink;2017-01-23-12-14-49;2,0;3,0;1,5;Trajectory limit;1;8,01900005341;-0,996499896049;1,0
EBK1991m;blink;2017-01-23-12-14-49;2,0;3,0;1,5;Reverse rotation;;8,02700018883;-0,996499896049;1,0
EBK1991m;blink;2017-01-23-12-14-49;2,0;3,0;1,5;Percept;1;8,05200004578;-0,983499884605;1,0
EBK1991m;blink;2017-01-23-12-14-49;2,0;3,0;1,5;Sound;1.5;8,71800017357;-0,646999835968;1,0
EBK1991m;blink;2017-01-23-12-14-49;2,0;3,0;1,5;Percept;-1;8,73000001907;-0,646999835968;1,0
EBK1991m;blink;2017-01-23-12-14-49;2,0;3,0;1,5;Percept;1;11,6019999981;0,790500164032;1,0
EBK1991m;blink;2017-01-23-12-14-49;2,0;4,0;0,0;Trajectory limit;-1;12,0180001259;1,00300014019;-1,0
EBK1991m;blink;2017-01-23-12-14-49;2,0;4,0;0,0;Reverse rotation;;12,0260000229;1,00300014019;-1,0
EBK1991m;blink;2017-01-23-12-14-49;2,0;5,0;1,0;Trajectory limit;1;16,0270001888;-0,998500108719;1,0
EBK1991m;blink;2017-01-23-12-14-49;2,0;5,0;1,0;Reverse rotation;;16,0350000858;-0,998500108719;1,0
EBK1991m;blink;2017-01-23-12-14-49;2,0;5,0;1,0;Percept;-1;16,8030002117;-0,615000128746;1,0
EBK1991m;blink;2017-01-23-12-14-49;2,0;5,0;1,0;Sound;1.0;17,228000164;-0,398000121117;1,0
EBK1991m;blink;2017-01-23-12-14-49;2,0;5,0;1,0;Percept;1;19,4270000458;0,697499871254;1,0
EBK1991m;blink;2017-01-23-12-14-49;2,0;6,0;1,0;Trajectory limit;-1;20,0270001888;1,00149989128;-1,0
EBK1991m;blink;2017-01-23-12-14-49;2,0;6,0;1,0;Reverse rotation;;20,0350000858;1,00149989128;-1,0
EBK1991m;blink;2017-01-23-12-14-49;2,0;6,0;1,0;Sound;1.0;21,2320001125;0,398999929428;-1,0
EBK1991m;blink;2017-01-23-12-14-49;2,0;7,0;0,0;Trajectory limit;1;24,0320000648;-0,99899995327;1,0
EBK1991m;blink;2017-01-23-12-14-49;2,0;7,0;0,0;Reverse rotation;;24,0400002003;-0,99899995327;1,0
EBK1991m;blink;2017-01-23-12-14-49;2,0;7,0;0,0;Percept;1;24,2820000648;-0,877999901772;1,0
EBK1991m;blink;2017-01-23-12-14-49;2,0;7,0;0,0;Percept;-1;24,9320001602;-0,552999973297;1,0
EBK1991m;blink;2017-01-23-12-14-49;2,0;8,0;1,0;Trajectory limit;-1;28,0320000648;1,00100004673;-1,0
EBK1991m;blink;2017-01-23-12-14-49;2,0;8,0;1,0;Reverse rotation;;28,0400002003;1,00100004673;-1,0
EBK1991m;blink;2017-01-23-12-14-49;2,0;8,0;1,0;Percept;1;28,9070000648;0,567499995232;-1,0
EBK1991m;blink;2017-01-23-12-14-49;2,0;8,0;1,0;Sound;1.0;29,2400000095;0,397000074387;-1,0
EBK1991m;blink;2017-01-23-12-14-49;2,0;8,0;1,0;Percept;-1;31,4730000496;-0,715499997139;-1,0
EBK1991m;blink;2017-01-23-12-14-49;2,0;9,0;1,5;Trajectory limit;1;32,0400002003;-0,996999979019;1,0
EBK1991m;blink;2017-01-23-12-14-49;2,0;9,0;1,5;Reverse rotation;;32,0480000973;-0,996999979019;1,0
EBK1991m;blink;2017-01-23-12-14-49;2,0;9,0;1,5;Sound;1.5;32,7400000095;-0,647000074387;1,0
EBK1991m;blink;2017-01-23-12-14-49;2,0;9,0;1,5;Percept;1;32,8900001049;-0,575999975204;1,0
EBK1991m;blink;2017-01-23-12-14-49;2,0;9,0;1,5;Percept;1;35,8240001202;0,890999913216;1,0
EBK1991m;blink;2017-01-23-12-14-49;2,0;10,0;0,0;Trajectory limit;-1;36,0410001278;1,00349998474;-1,0
EBK1991m;blink;2017-01-23-12-14-49;2,0;10,0;0,0;Reverse rotation;;36,0490000248;1,00349998474;-1,0
EBK1991m;blink;2017-01-23-12-14-49;2,0;11,0;1,5;Trajectory limit;1;40,0490000248;-0,99950003624;1,0
EBK1991m;blink;2017-01-23-12-14-49;2,0;11,0;1,5;Reverse rotation;;40,0570001602;-0,99950003624;1,0
EBK1991m;blink;2017-01-23-12-14-49;2,0;11,0;1,5;Percept;-1;40,6820001602;-0,68700003624;1,0
EBK1991m;blink;2017-01-23-12-14-49;2,0;11,0;1,5;Sound;1.5;40,7490000725;-0,649500012398;1,0
EBK1991m;blink;2017-01-23-12-14-49;2,0;11,0;1,5;Percept;1;43,9070000648;0,925500035286;1,0
EBK1991m;blink;2017-01-23-12-14-49;2,0;12,0;1,0;Trajectory limit;-1;44,0490000248;1,00049996376;-1,0
EBK1991m;blink;2017-01-23-12-14-49;2,0;12,0;1,0;Reverse rotation;;44,0570001602;1,00049996376;-1,0
EBK1991m;blink;2017-01-23-12-14-49;2,0;12,0;1,0;Sound;1.0;45,2570002079;0,396499872208;-1,0
EBK1991m;blink;2017-01-23-12-14-49;2,0;12,0;1,0;Percept;1;47,6900000572;-0,816000103951;-1,0
EBK1991m;blink;2017-01-23-12-14-49;2,0;13,0;0,0;Trajectory limit;1;48,0570001602;-0,996499896049;1,0
EBK1991m;blink;2017-01-23-12-14-49;2,0;13,0;0,0;Reverse rotation;;48,0650000572;-0,996499896049;1,0
EBK1991m;blink;2017-01-23-12-14-49;2,0;13,0;0,0;Percept;-1;49,1740000248;-0,442499876022;1,0
EBK1991m;blink;2017-01-23-12-14-49;2,0;13,0;0,0;Percept;1;52,0080001354;0,975000023842;1,0
EBK1991m;blink;2017-01-23-12-14-49;2,0;14,0;1,0;Trajectory limit;-1;52,0500001907;1,00000011921;-1,0
EBK1991m;blink;2017-01-23-12-14-49;2,0;14,0;1,0;Reverse rotation;;52,0580000877;1,00000011921;-1,0
EBK1991m;blink;2017-01-23-12-14-49;2,0;14,0;1,0;Sound;1.0;53,2580001354;0,396000146866;-1,0
EBK1991m;blink;2017-01-23-12-14-49;2,0;14,0;1,0;Percept;-1;55,3990001678;-0,670499801636;-1,0
EBK1991m;blink;2017-01-23-12-14-49;2,0;15,0;1,5;Trajectory limit;1;56,0580000877;-0,996000170708;1,0
EBK1991m;blink;2017-01-23-12-14-49;2,0;15,0;1,5;Reverse rotation;;56,0659999847;-0,996000170708;1,0
EBK1991m;blink;2017-01-23-12-14-49;2,0;15,0;1,5;Sound;1.5;56,7580001354;-0,646000146866;1,0
EBK1991m;blink;2017-01-23-12-14-49;2,0;15,0;1,5;Percept;1;59,3580000401;0,649499773979;1,0
EBK1991m;blink;2017-01-23-12-14-49;2,0;16,0;0,0;Trajectory limit;-1;60,0580000877;1,00399982929;-1,0
EBK1991m;blink;2017-01-23-12-14-49;2,0;16,0;0,0;Reverse rotation;;60,0659999847;1,00399982929;-1,0
EBK1991m;blink;2017-01-23-12-14-49;2,0;17,0;1,5;Trajectory limit;1;64,0659999847;-0,999999880791;1,0
EBK1991m;blink;2017-01-23-12-14-49;2,0;17,0;1,5;Reverse rotation;;64,0740001202;-0,999999880791;1,0
EBK1991m;blink;2017-01-23-12-14-49;2,0;17,0;1,5;Percept;-1;64,6070001125;-0,733499884605;1,0
EBK1991m;blink;2017-01-23-12-14-49;2,0;17,0;1,5;Sound;1.5;64,7660000324;-0,649999856949;1,0
EBK1991m;blink;2017-01-23-12-14-49;2,0;17,0;1,5;Percept;1;67,4409999847;0,683000206947;1,0
EBK1991m;blink;2017-01-23-12-14-49;2,0;18,0;1,5;Trajectory limit;-1;68,0659999847;1,00000011921;-1,0
EBK1991m;blink;2017-01-23-12-14-49;2,0;18,0;1,5;Reverse rotation;;68,0740001202;1,00000011921;-1,0
EBK1991m;blink;2017-01-23-12-14-49;2,0;18,0;1,5;Sound;1.5;68,7740001678;0,646000027657;-1,0
EBK1991m;blink;2017-01-23-12-14-49;2,0;18,0;1,5;Percept;1;71,9660000801;-0,945999979973;-1,0
EBK1991m;blink;2017-01-23-12-14-49;2,0;19,0;0,0;Trajectory limit;1;72,0670001507;-0,99950003624;1,0
EBK1991m;blink;2017-01-23-12-14-49;2,0;19,0;0,0;Reverse rotation;;72,0740001202;-0,99950003624;1,0
EBK1991m;blink;2017-01-23-12-14-49;2,0;19,0;0,0;Percept;-1;72,6160001755;-0,729000091553;1,0
EBK1991m;blink;2017-01-23-12-14-49;2,0;20,0;1,0;Trajectory limit;-1;76,0750000477;1,00449991226;-1,0
EBK1991m;blink;2017-01-23-12-14-49;2,0;20,0;1,0;Reverse rotation;;76,0830001831;1,00449991226;-1,0
EBK1991m;blink;2017-01-23-12-14-49;2,0;20,0;1,0;Percept;1;76,5830001831;0,754499912262;-1,0
EBK1991m;blink;2017-01-23-12-14-49;2,0;20,0;1,0;Sound;1.0;77,2910001278;0,396499872208;-1,0
EBK1991m;blink;2017-01-23-12-14-49;2,0;20,0;1,0;Percept;-1;79,5240001678;-0,716000080109;-1,0
EBK1991m;blink;2017-01-23-12-14-49;2,0;21,0;1,5;Trajectory limit;1;80,0910000801;-0,996499896049;1,0
EBK1991m;blink;2017-01-23-12-14-49;2,0;21,0;1,5;Reverse rotation;;80,0989999771;-0,996499896049;1,0
EBK1991m;blink;2017-01-23-12-14-49;2,0;21,0;1,5;Sound;1.5;80,7910001278;-0,646499872208;1,0
EBK1991m;blink;2017-01-23-12-14-49;2,0;21,0;1,5;Percept;-1;81,2330000401;-0,429499864578;1,0
EBK1991m;blink;2017-01-23-12-14-49;2,0;21,0;1,5;Percept;1;84,0740001202;0,991000056267;1,0
EBK1991m;blink;2017-01-23-12-14-49;2,0;22,0;0,0;Trajectory limit;-1;84,0860002041;1,00100016594;-1,0
EBK1991m;blink;2017-01-23-12-14-49;2,0;22,0;0,0;Reverse rotation;;84,0940001011;1,00100016594;-1,0
EBK1991m;blink;2017-01-23-12-14-49;2,0;23,0;1,5;Trajectory limit;1;88,0920000076;-0,998000264168;1,0
EBK1991m;blink;2017-01-23-12-14-49;2,0;23,0;1,5;Reverse rotation;;88,1000001431;-0,998000264168;1,0
EBK1991m;blink;2017-01-23-12-14-49;2,0;23,0;1,5;Sound;1.5;88,7920000553;-0,648000240326;1,0
EBK1991m;blink;2017-01-23-12-14-49;2,0;23,0;1,5;Percept;1;91,5080001354;0,705999732018;1,0
EBK1991m;blink;2017-01-23-12-14-49;2,0;24,0;1,0;Trajectory limit;-1;92,0920000076;1,00199973583;-1,0
EBK1991m;blink;2017-01-23-12-14-49;2,0;24,0;1,0;Reverse rotation;;92,1000001431;1,00199973583;-1,0
EBK1991m;blink;2017-01-23-12-14-49;2,0;24,0;1,0;Sound;1.0;93,3000001907;0,397999644279;-1,0
EBK1991m;blink;2017-01-23-12-14-49;2,0;24,0;1,0;Percept;1;94,3580000401;-0,127000331879;-1,0
EBK1991m;blink;2017-01-23-12-14-49;2,0;24,0;1,0;Block end;;96,0;-0,948000311852;-1,0
EBK1991m;blink;2017-01-23-12-14-49;3,0;1,0;0,0;Block start;;1485170495,8;-1,0;1,0
EBK1991m;blink;2017-01-23-12-14-49;3,0;1,0;0,0;Percept;1;0,921999931335;-0,546999931335;1,0
EBK1991m;blink;2017-01-23-12-14-49;3,0;2,0;1,0;Trajectory limit;-1;4,01399993896;1,00300002098;-1,0
EBK1991m;blink;2017-01-23-12-14-49;3,0;2,0;1,0;Reverse rotation;;4,02099990845;1,00300002098;-1,0
EBK1991m;blink;2017-01-23-12-14-49;3,0;2,0;1,0;Sound;1.0;5,22300004959;0,398499965668;-1,0
EBK1991m;blink;2017-01-23-12-14-49;3,0;3,0;1,5;Trajectory limit;1;8,02300000191;-0,99849998951;1,0
EBK1991m;blink;2017-01-23-12-14-49;3,0;3,0;1,5;Reverse rotation;;8,03099989891;-0,99849998951;1,0
EBK1991m;blink;2017-01-23-12-14-49;3,0;3,0;1,5;Percept;1;8,23900008202;-0,894500017166;1,0
EBK1991m;blink;2017-01-23-12-14-49;3,0;3,0;1,5;Sound;1.5;8,72300004959;-0,648499965668;1,0
EBK1991m;blink;2017-01-23-12-14-49;3,0;3,0;1,5;Percept;-1;8,78900003433;-0,619500041008;1,0
EBK1991m;blink;2017-01-23-12-14-49;3,0;3,0;1,5;Percept;1;11,3469998837;0,659500002861;1,0
EBK1991m;blink;2017-01-23-12-14-49;3,0;4,0;0,0;Trajectory limit;-1;12,0230000019;1,00150001049;-1,0
EBK1991m;blink;2017-01-23-12-14-49;3,0;4,0;0,0;Reverse rotation;;12,0299999714;1,00150001049;-1,0
EBK1991m;blink;2017-01-23-12-14-49;3,0;5,0;1,0;Trajectory limit;1;16,0309998989;-0,997500061989;1,0
EBK1991m;blink;2017-01-23-12-14-49;3,0;5,0;1,0;Reverse rotation;;16,0390000343;-0,997500061989;1,0
EBK1991m;blink;2017-01-23-12-14-49;3,0;5,0;1,0;Percept;-1;16,4719998837;-0,78100001812;1,0
EBK1991m;blink;2017-01-23-12-14-49;3,0;5,0;1,0;Sound;1.0;17,2309999466;-0,397500038147;1,0
EBK1991m;blink;2017-01-23-12-14-49;3,0;5,0;1,0;Percept;1;19,5469999313;0,756500005722;1,0
EBK1991m;blink;2017-01-23-12-14-49;3,0;6,0;1,0;Trajectory limit;-1;20,0309998989;1,00249993801;-1,0
EBK1991m;blink;2017-01-23-12-14-49;3,0;6,0;1,0;Reverse rotation;;20,0379998684;1,00249993801;-1,0
EBK1991m;blink;2017-01-23-12-14-49;3,0;6,0;1,0;Sound;1.0;21,239000082;0,398499846458;-1,0
EBK1991m;blink;2017-01-23-12-14-49;3,0;6,0;1,0;Percept;1;23,5899999142;-0,772500157356;-1,0
EBK1991m;blink;2017-01-23-12-14-49;3,0;7,0;0,0;Trajectory limit;1;24,0399999619;-0,99799990654;1,0
EBK1991m;blink;2017-01-23-12-14-49;3,0;7,0;0,0;Reverse rotation;;24,0479998589;-0,99799990654;1,0
EBK1991m;blink;2017-01-23-12-14-49;3,0;8,0;1,0;Trajectory limit;-1;28,0399999619;1,00200009346;-1,0
EBK1991m;blink;2017-01-23-12-14-49;3,0;8,0;1,0;Reverse rotation;;28,0469999313;1,00200009346;-1,0
EBK1991m;blink;2017-01-23-12-14-49;3,0;8,0;1,0;Sound;1.0;29,2479999065;0,398000121117;-1,0
EBK1991m;blink;2017-01-23-12-14-49;3,0;8,0;1,0;Percept;1;31,8559999466;-0,901999950409;-1,0
EBK1991m;blink;2017-01-23-12-14-49;3,0;9,0;1,5;Trajectory limit;1;32,0479998589;-0,998000144958;1,0
EBK1991m;blink;2017-01-23-12-14-49;3,0;9,0;1,5;Reverse rotation;;32,0559999943;-0,998000144958;1,0
EBK1991m;blink;2017-01-23-12-14-49;3,0;9,0;1,5;Percept;-1;32,6979999542;-0,677500128746;1,0
EBK1991m;blink;2017-01-23-12-14-49;3,0;9,0;1,5;Sound;1.5;32,7479999065;-0,648000121117;1,0
EBK1991m;blink;2017-01-23-12-14-49;3,0;9,0;1,5;Percept;1;35,864000082;0,905999898911;1,0
EBK1991m;blink;2017-01-23-12-14-49;3,0;10,0;0,0;Trajectory limit;-1;36,0479998589;1,00199985504;-1,0
EBK1991m;blink;2017-01-23-12-14-49;3,0;10,0;0,0;Reverse rotation;;36,0559999943;1,00199985504;-1,0
EBK1991m;blink;2017-01-23-12-14-49;3,0;11,0;1,5;Trajectory limit;1;40,0569999218;-0,99749982357;1,0
EBK1991m;blink;2017-01-23-12-14-49;3,0;11,0;1,5;Reverse rotation;;40,0650000572;-0,99749982357;1,0
EBK1991m;blink;2017-01-23-12-14-49;3,0;11,0;1,5;Sound;1.5;40,7569999695;-0,647499799728;1,0
EBK1991m;blink;2017-01-23-12-14-49;3,0;11,0;1,5;Percept;-1;40,8899998665;-0,584999799728;1,0
EBK1991m;blink;2017-01-23-12-14-49;3,0;11,0;1,5;Percept;1;43,9309999943;0,935500144958;1,0
EBK1991m;blink;2017-01-23-12-14-49;3,0;12,0;1,0;Trajectory limit;-1;44,0569999218;1,00250017643;-1,0
EBK1991m;blink;2017-01-23-12-14-49;3,0;12,0;1,0;Reverse rotation;;44,0639998913;1,00250017643;-1,0
EBK1991m;blink;2017-01-23-12-14-49;3,0;12,0;1,0;Sound;1.0;45,2649998665;0,398500204086;-1,0
EBK1991m;blink;2017-01-23-12-14-49;3,0;12,0;1,0;Percept;1;48,0650000572;-0,99699985981;-1,0
EBK1991m;blink;2017-01-23-12-14-49;3,0;13,0;0,0;Trajectory limit;1;48,0729999542;-0,994500160217;1,0
EBK1991m;blink;2017-01-23-12-14-49;3,0;13,0;0,0;Reverse rotation;;48,0799999237;-0,994500160217;1,0
EBK1991m;blink;2017-01-23-12-14-49;3,0;13,0;0,0;Percept;-1;48,8559999466;-0,607000112534;1,0
EBK1991m;blink;2017-01-23-12-14-49;3,0;14,0;1,0;Trajectory limit;-1;52,0650000572;1,00149989128;-1,0
EBK1991m;blink;2017-01-23-12-14-49;3,0;14,0;1,0;Reverse rotation;;52,0720000267;1,00149989128;-1,0
EBK1991m;blink;2017-01-23-12-14-49;3,0;14,0;1,0;Percept;1;52,763999939;0,655999898911;-1,0
EBK1991m;blink;2017-01-23-12-14-49;3,0;14,0;1,0;Sound;1.0;53,2730000019;0,397499918938;-1,0
EBK1991m;blink;2017-01-23-12-14-49;3,0;14,0;1,0;Percept;-1;55,5559999943;-0,740000009537;-1,0
EBK1991m;blink;2017-01-23-12-14-49;3,0;15,0;1,5;Trajectory limit;1;56,0729999542;-0,99749994278;1,0
EBK1991m;blink;2017-01-23-12-14-49;3,0;15,0;1,5;Reverse rotation;;56,0810000896;-0,99749994278;1,0
EBK1991m;blink;2017-01-23-12-14-49;3,0;15,0;1,5;Percept;1;56,6640000343;-0,705999970436;1,0
EBK1991m;blink;2017-01-23-12-14-49;3,0;15,0;1,5;Sound;1.5;56,7730000019;-0,647499918938;1,0
EBK1991m;blink;2017-01-23-12-14-49;3,0;15,0;1,5;Percept;1;59,7649998665;0,84450006485;1,0
EBK1991m;blink;2017-01-23-12-14-49;3,0;16,0;0,0;Trajectory limit;-1;60,0739998817;1,00300002098;-1,0
EBK1991m;blink;2017-01-23-12-14-49;3,0;16,0;0,0;Reverse rotation;;60,0810000896;1,00300002098;-1,0
EBK1991m;blink;2017-01-23-12-14-49;3,0;17,0;1,5;Trajectory limit;1;64,0820000172;-0,99899995327;1,0
EBK1991m;blink;2017-01-23-12-14-49;3,0;17,0;1,5;Reverse rotation;;64,0899999142;-0,99899995327;1,0
EBK1991m;blink;2017-01-23-12-14-49;3,0;17,0;1,5;Percept;-1;64,5569999218;-0,766000032425;1,0
EBK1991m;blink;2017-01-23-12-14-49;3,0;17,0;1,5;Sound;1.5;64,7820000648;-0,648999929428;1,0
EBK1991m;blink;2017-01-23-12-14-49;3,0;17,0;1,5;Percept;1;67,7230000496;0,817499995232;1,0
EBK1991m;blink;2017-01-23-12-14-49;3,0;18,0;1,5;Trajectory limit;-1;68,0820000172;1,00100004673;-1,0
EBK1991m;blink;2017-01-23-12-14-49;3,0;18,0;1,5;Reverse rotation;;68,0899999142;1,00100004673;-1,0
EBK1991m;blink;2017-01-23-12-14-49;3,0;18,0;1,5;Sound;1.5;68,7899999619;0,647000074387;-1,0
EBK1991m;blink;2017-01-23-12-14-49;3,0;18,0;1,5;Percept;1;71,4309999943;-0,669499874115;-1,0
EBK1991m;blink;2017-01-23-12-14-49;3,0;19,0;0,0;Trajectory limit;1;72,0899999142;-0,997000098228;1,0
EBK1991m;blink;2017-01-23-12-14-49;3,0;19,0;0,0;Reverse rotation;;72,0980000496;-0,997000098228;1,0
EBK1991m;blink;2017-01-23-12-14-49;3,0;19,0;0,0;Percept;-1;72,4809999466;-0,805500030518;1,0
EBK1991m;blink;2017-01-23-12-14-49;3,0;20,0;1,0;Trajectory limit;-1;76,0910000801;1,00349998474;-1,0
EBK1991m;blink;2017-01-23-12-14-49;3,0;20,0;1,0;Reverse rotation;;76,0980000496;1,00349998474;-1,0
EBK1991m;blink;2017-01-23-12-14-49;3,0;20,0;1,0;Percept;1;76,6410000324;0,733000040054;-1,0
EBK1991m;blink;2017-01-23-12-14-49;3,0;20,0;1,0;Sound;1.0;77,2990000248;0,399500012398;-1,0
EBK1991m;blink;2017-01-23-12-14-49;3,0;20,0;1,0;Percept;-1;79,5739998817;-0,733999967575;-1,0
EBK1991m;blink;2017-01-23-12-14-49;3,0;21,0;1,5;Trajectory limit;1;80,0989999771;-0,99950003624;1,0
EBK1991m;blink;2017-01-23-12-14-49;3,0;21,0;1,5;Reverse rotation;;80,1069998741;-0,99950003624;1,0
EBK1991m;blink;2017-01-23-12-14-49;3,0;21,0;1,5;Percept;1;80,5899999142;-0,758000016212;1,0
EBK1991m;blink;2017-01-23-12-14-49;3,0;21,0;1,5;Sound;1.5;80,7990000248;-0,649500012398;1,0
EBK1991m;blink;2017-01-23-12-14-49;3,0;21,0;1,5;Percept;1;83,6319999695;0,763000011444;1,0
EBK1991m;blink;2017-01-23-12-14-49;3,0;22,0;0,0;Trajectory limit;-1;84,0989999771;1,00049996376;-1,0
EBK1991m;blink;2017-01-23-12-14-49;3,0;22,0;0,0;Reverse rotation;;84,1069998741;1,00049996376;-1,0
EBK1991m;blink;2017-01-23-12-14-49;3,0;23,0;1,5;Trajectory limit;1;88,1069998741;-0,996500015259;1,0
EBK1991m;blink;2017-01-23-12-14-49;3,0;23,0;1,5;Reverse rotation;;88,1150000095;-0,996500015259;1,0
EBK1991m;blink;2017-01-23-12-14-49;3,0;23,0;1,5;Percept;-1;88,6480000019;-0,730000019073;1,0
EBK1991m;blink;2017-01-23-12-14-49;3,0;23,0;1,5;Sound;1.5;88,8069999218;-0,646499991417;1,0
EBK1991m;blink;2017-01-23-12-14-49;3,0;23,0;1,5;Percept;1;91,4730000496;0,682500004768;1,0
EBK1991m;blink;2017-01-23-12-14-49;3,0;24,0;1,0;Trajectory limit;-1;92,1069998741;1,00349998474;-1,0
EBK1991m;blink;2017-01-23-12-14-49;3,0;24,0;1,0;Reverse rotation;;92,1159999371;1,00349998474;-1,0
EBK1991m;blink;2017-01-23-12-14-49;3,0;24,0;1,0;Sound;1.0;93,3159999847;0,398999929428;-1,0
EBK1991m;blink;2017-01-23-12-14-49;3,0;24,0;1,0;Percept;-1;95,5490000248;-0,713500022888;-1,0
EBK1991m;blink;2017-01-23-12-14-49;3,0;24,0;1,0;Block end;;96,0069999695;-0,942500114441;-1,0
EBK1991m;blink;2017-01-23-12-14-49;4,0;1,0;0,0;Block start;;1485170640,32;-1,0;1,0
EBK1991m;blink;2017-01-23-12-14-49;4,0;1,0;0,0;Percept;-1;1,21600008011;-0,400500059128;1,0
EBK1991m;blink;2017-01-23-12-14-49;4,0;2,0;1,0;Trajectory limit;-1;4,01600003242;1,00349998474;-1,0
EBK1991m;blink;2017-01-23-12-14-49;4,0;2,0;1,0;Reverse rotation;;4,02399992943;1,00349998474;-1,0
EBK1991m;blink;2017-01-23-12-14-49;4,0;2,0;1,0;Percept;1;4,49900007248;0,766000032425;-1,0
EBK1991m;blink;2017-01-23-12-14-49;4,0;2,0;1,0;Sound;1.0;5,22399997711;0,399500012398;-1,0
EBK1991m;blink;2017-01-23-12-14-49;4,0;3,0;1,5;Trajectory limit;1;8,02399992943;-0,99950003624;1,0
EBK1991m;blink;2017-01-23-12-14-49;4,0;3,0;1,5;Reverse rotation;;8,03200006485;-0,99950003624;1,0
EBK1991m;blink;2017-01-23-12-14-49;4,0;3,0;1,5;Sound;1.5;8,72399997711;-0,649500012398;1,0
EBK1991m;blink;2017-01-23-12-14-49;4,0;3,0;1,5;Percept;-1;9,25699996948;-0,386999964714;1,0
EBK1991m;blink;2017-01-23-12-14-49;4,0;3,0;1,5;Percept;1;11,6400001049;0,804499983788;1,0
EBK1991m;blink;2017-01-23-12-14-49;4,0;4,0;0,0;Trajectory limit;-1;12,0239999294;1,00049996376;-1,0
EBK1991m;blink;2017-01-23-12-14-49;4,0;4,0;0,0;Reverse rotation;;12,0320000648;1,00049996376;-1,0
EBK1991m;blink;2017-01-23-12-14-49;4,0;4,0;0,0;Percept;-1;12,8570001125;0,587999939919;-1,0
EBK1991m;blink;2017-01-23-12-14-49;4,0;5,0;1,0;Trajectory limit;1;16,0320000648;-0,996499896049;1,0
EBK1991m;blink;2017-01-23-12-14-49;4,0;5,0;1,0;Reverse rotation;;16,0399999619;-0,996499896049;1,0
EBK1991m;blink;2017-01-23-12-14-49;4,0;5,0;1,0;Sound;1.0;17,2320001125;-0,396499872208;1,0
EBK1991m;blink;2017-01-23-12-14-49;4,0;5,0;1,0;Percept;-1;19,6830000877;0,825000047684;1,0
EBK1991m;blink;2017-01-23-12-14-49;4,0;6,0;1,0;Trajectory limit;-1;20,0250000954;1,00000011921;-1,0
EBK1991m;blink;2017-01-23-12-14-49;4,0;6,0;1,0;Reverse rotation;;20,0320000648;1,00000011921;-1,0
EBK1991m;blink;2017-01-23-12-14-49;4,0;6,0;1,0;Percept;1;20,6740000248;0,679500102997;-1,0
EBK1991m;blink;2017-01-23-12-14-49;4,0;6,0;1,0;Sound;1.0;21,2330000401;0,396000146866;-1,0
EBK1991m;blink;2017-01-23-12-14-49;4,0;6,0;1,0;Percept;1;23,5829999447;-0,774499893188;-1,0
EBK1991m;blink;2017-01-23-12-14-49;4,0;7,0;0,0;Trajectory limit;1;24,0329999924;-0,996000170708;1,0
EBK1991m;blink;2017-01-23-12-14-49;4,0;7,0;0,0;Reverse rotation;;24,0410001278;-0,996000170708;1,0
EBK1991m;blink;2017-01-23-12-14-49;4,0;7,0;0,0;Percept;-1;24,4570000172;-0,788000106812;1,0
EBK1991m;blink;2017-01-23-12-14-49;4,0;8,0;1,0;Trajectory limit;-1;28,0329999924;1,00399982929;-1,0
EBK1991m;blink;2017-01-23-12-14-49;4,0;8,0;1,0;Reverse rotation;;28,0399999619;1,00399982929;-1,0
EBK1991m;blink;2017-01-23-12-14-49;4,0;8,0;1,0;Sound;1.0;29,2409999371;0,399999856949;-1,0
EBK1991m;blink;2017-01-23-12-14-49;4,0;9,0;1,5;Trajectory limit;1;32,0420000553;-0,999499797821;1,0
EBK1991m;blink;2017-01-23-12-14-49;4,0;9,0;1,5;Reverse rotation;;32,0499999523;-0,999499797821;1,0
EBK1991m;blink;2017-01-23-12-14-49;4,0;9,0;1,5;Percept;1;32,1740000248;-0,937499761581;1,0
EBK1991m;blink;2017-01-23-12-14-49;4,0;9,0;1,5;Percept;-1;32,6319999695;-0,708499789238;1,0
EBK1991m;blink;2017-01-23-12-14-49;4,0;9,0;1,5;Sound;1.5;32,7409999371;-0,649999856949;1,0
EBK1991m;blink;2017-01-23-12-14-49;4,0;9,0;1,5;Percept;-1;35,4409999847;0,696000218391;1,0
EBK1991m;blink;2017-01-23-12-14-49;4,0;10,0;0,0;Trajectory limit;-1;36,0420000553;1,00050020218;-1,0
EBK1991m;blink;2017-01-23-12-14-49;4,0;10,0;0,0;Reverse rotation;;36,0499999523;1,00050020218;-1,0
EBK1991m;blink;2017-01-23-12-14-49;4,0;10,0;0,0;Percept;1;36,7580001354;0,646500229836;-1,0
EBK1991m;blink;2017-01-23-12-14-49;4,0;11,0;1,5;Trajectory limit;1;40,0499999523;-0,996500253677;1,0
EBK1991m;blink;2017-01-23-12-14-49;4,0;11,0;1,5;Reverse rotation;;40,0580000877;-0,996500253677;1,0
EBK1991m;blink;2017-01-23-12-14-49;4,0;11,0;1,5;Percept;-1;40,75;-0,651000261307;1,0
EBK1991m;blink;2017-01-23-12-14-49;4,0;11,0;1,5;Sound;1.5;40,7580001354;-0,642500162125;1,0
EBK1991m;blink;2017-01-23-12-14-49;4,0;11,0;1,5;Percept;-1;43,9160001278;0,93249976635;1,0
EBK1991m;blink;2017-01-23-12-14-49;4,0;12,0;1,0;Trajectory limit;-1;44,0499999523;1,00349974632;-1,0
EBK1991m;blink;2017-01-23-12-14-49;4,0;12,0;1,0;Reverse rotation;;44,0580000877;1,00349974632;-1,0
EBK1991m;blink;2017-01-23-12-14-49;4,0;12,0;1,0;Percept;1;44,8830001354;0,590999722481;-1,0
EBK1991m;blink;2017-01-23-12-14-49;4,0;12,0;1,0;Sound;1.0;45,2580001354;0,39949965477;-1,0
EBK1991m;blink;2017-01-23-12-14-49;4,0;12,0;1,0;Percept;1;47,8080000877;-0,871000289917;-1,0
EBK1991m;blink;2017-01-23-12-14-49;4,0;13,0;0,0;Trajectory limit;1;48,0580000877;-0,999499678612;1,0
EBK1991m;blink;2017-01-23-12-14-49;4,0;13,0;0,0;Reverse rotation;;48,0659999847;-0,999499678612;1,0
EBK1991m;blink;2017-01-23-12-14-49;4,0;13,0;0,0;Percept;-1;48,5160000324;-0,77449965477;1,0
EBK1991m;blink;2017-01-23-12-14-49;4,0;14,0;1,0;Trajectory limit;-1;52,0590000153;1,00050032139;-1,0
EBK1991m;blink;2017-01-23-12-14-49;4,0;14,0;1,0;Reverse rotation;;52,0659999847;1,00050032139;-1,0
EBK1991m;blink;2017-01-23-12-14-49;4,0;14,0;1,0;Percept;1;52,9000000954;0,583500385284;-1,0
EBK1991m;blink;2017-01-23-12-14-49;4,0;14,0;1,0;Sound;1.0;53,2669999599;0,396000385284;-1,0
EBK1991m;blink;2017-01-23-12-14-49;4,0;14,0;1,0;Percept;1;55,7750000954;-0,853999614716;-1,0
EBK1991m;blink;2017-01-23-12-14-49;4,0;15,0;1,5;Trajectory limit;1;56,0670001507;-0,996000289917;1,0
EBK1991m;blink;2017-01-23-12-14-49;4,0;15,0;1,5;Reverse rotation;;56,0750000477;-0,996000289917;1,0
EBK1991m;blink;2017-01-23-12-14-49;4,0;15,0;1,5;Percept;-1;56,4830000401;-0,792000293732;1,0
EBK1991m;blink;2017-01-23-12-14-49;4,0;15,0;1,5;Sound;1.5;56,7669999599;-0,646000385284;1,0
EBK1991m;blink;2017-01-23-12-14-49;4,0;15,0;1,5;Percept;1;59,5410001278;0,736999630928;1,0
EBK1991m;blink;2017-01-23-12-14-49;4,0;16,0;0,0;Trajectory limit;-1;60,0670001507;1,00399971008;-1,0
EBK1991m;blink;2017-01-23-12-14-49;4,0;16,0;0,0;Reverse rotation;;60,0750000477;1,00399971008;-1,0
EBK1991m;blink;2017-01-23-12-14-49;4,0;16,0;0,0;Percept;-1;60,4079999924;0,83749973774;-1,0
EBK1991m;blink;2017-01-23-12-14-49;4,0;17,0;1,5;Trajectory limit;1;64,0750000477;-0,999999761581;1,0
EBK1991m;blink;2017-01-23-12-14-49;4,0;17,0;1,5;Reverse rotation;;64,0829999447;-0,999999761581;1,0
EBK1991m;blink;2017-01-23-12-14-49;4,0;17,0;1,5;Sound;1.5;64,7750000954;-0,64999973774;1,0
EBK1991m;blink;2017-01-23-12-14-49;4,0;17,0;1,5;Percept;-1;64,8910000324;-0,595999717712;1,0
EBK1991m;blink;2017-01-23-12-14-49;4,0;17,0;1,5;Percept;1;67,8240001202;0,870500206947;1,0
EBK1991m;blink;2017-01-23-12-14-49;4,0;18,0;1,5;Trajectory limit;-1;68,0750000477;1,00000023842;-1,0
EBK1991m;blink;2017-01-23-12-14-49;4,0;18,0;1,5;Reverse rotation;;68,0829999447;1,00000023842;-1,0
EBK1991m;blink;2017-01-23-12-14-49;4,0;18,0;1,5;Sound;1.5;68,7829999924;0,646000266075;-1,0
EBK1991m;blink;2017-01-23-12-14-49;4,0;18,0;1,5;Percept;1;71,4249999523;-0,670999765396;-1,0
EBK1991m;blink;2017-01-23-12-14-49;4,0;19,0;0,0;Trajectory limit;1;72,0759999752;-0,999500274658;1,0
EBK1991m;blink;2017-01-23-12-14-49;4,0;19,0;0,0;Reverse rotation;;72,0829999447;-0,999500274658;1,0
EBK1991m;blink;2017-01-23-12-14-49;4,0;19,0;0,0;Percept;-1;72,5250000954;-0,779000282288;1,0
EBK1991m;blink;2017-01-23-12-14-49;4,0;20,0;1,0;Trajectory limit;-1;76,0840001106;1,00449979305;-1,0
EBK1991m;blink;2017-01-23-12-14-49;4,0;20,0;1,0;Reverse rotation;;76,0920000076;1,00449979305;-1,0
EBK1991m;blink;2017-01-23-12-14-49;4,0;20,0;1,0;Percept;1;76,9750001431;0,562999844551;-1,0
EBK1991m;blink;2017-01-23-12-14-49;4,0;20,0;1,0;Sound;1.0;77,2929999828;0,399999856949;-1,0
EBK1991m;blink;2017-01-23-12-14-49;4,0;20,0;1,0;Percept;1;79,4420001507;-0,670500159264;-1,0
EBK1991m;blink;2017-01-23-12-14-49;4,0;21,0;1,5;Trajectory limit;1;80,1000001431;-0,99649977684;1,0
EBK1991m;blink;2017-01-23-12-14-49;4,0;21,0;1,5;Reverse rotation;;80,1080000401;-0,99649977684;1,0
EBK1991m;blink;2017-01-23-12-14-49;4,0;21,0;1,5;Sound;1.5;80,7999999523;-0,646499872208;1,0
EBK1991m;blink;2017-01-23-12-14-49;4,0;21,0;1,5;Percept;-1;81,1330001354;-0,483999848366;1,0
EBK1991m;blink;2017-01-23-12-14-49;4,0;22,0;0,0;Trajectory limit;-1;84,1000001431;1,00350022316;-1,0
EBK1991m;blink;2017-01-23-12-14-49;4,0;22,0;0,0;Reverse rotation;;84,1080000401;1,00350022316;-1,0
EBK1991m;blink;2017-01-23-12-14-49;4,0;22,0;0,0;Percept;-1;84,1749999523;0,970000267029;-1,0
EBK1991m;blink;2017-01-23-12-14-49;4,0;22,0;0,0;Percept;1;84,9330000877;0,591000318527;-1,0
EBK1991m;blink;2017-01-23-12-14-49;4,0;23,0;1,5;Trajectory limit;1;88,1089999676;-0,999000310898;1,0
EBK1991m;blink;2017-01-23-12-14-49;4,0;23,0;1,5;Reverse rotation;;88,117000103;-0,999000310898;1,0
EBK1991m;blink;2017-01-23-12-14-49;4,0;23,0;1,5;Sound;1.5;88,8090000153;-0,649000287056;1,0
EBK1991m;blink;2017-01-23-12-14-49;4,0;23,0;1,5;Percept;-1;88,8220000267;-0,649000287056;1,0
EBK1991m;blink;2017-01-23-12-14-49;4,0;23,0;1,5;Percept;-1;91,4760000706;0,679999709129;1,0
EBK1991m;blink;2017-01-23-12-14-49;4,0;24,0;1,0;Trajectory limit;-1;92,1089999676;1,0009996891;-1,0
EBK1991m;blink;2017-01-23-12-14-49;4,0;24,0;1,0;Reverse rotation;;92,117000103;1,0009996891;-1,0
EBK1991m;blink;2017-01-23-12-14-49;4,0;24,0;1,0;Percept;1;92,9340000153;0,592499613762;-1,0
EBK1991m;blink;2017-01-23-12-14-49;4,0;24,0;1,0;Sound;1.0;93,3170001507;0,396999597549;-1,0
EBK1991m;blink;2017-01-23-12-14-49;4,0;24,0;1,0;Percept;1;95,9170000553;-0,899000406265;-1,0
EBK1991m;blink;2017-01-23-12-14-49;4,0;24,0;1,0;Block end;;96,0;-0,940500378609;-1,0
EBK1991m;blink;2017-01-23-12-14-49;5,0;1,0;0,0;Block start;;1485170797,19;-1,0;1,0
EBK1991m;blink;2017-01-23-12-14-49;5,0;1,0;0,0;Percept;1;0,791000127792;-0,611999988556;1,0
EBK1991m;blink;2017-01-23-12-14-49;5,0;2,0;1,0;Trajectory limit;-1;4,01600003242;1,00400006771;-1,0
EBK1991m;blink;2017-01-23-12-14-49;5,0;2,0;1,0;Reverse rotation;;4,02399992943;1,00400006771;-1,0
EBK1991m;blink;2017-01-23-12-14-49;5,0;2,0;1,0;Percept;1;4,757999897;0,637000083923;-1,0
EBK1991m;blink;2017-01-23-12-14-49;5,0;2,0;1,0;Sound;1.0;5,22499990463;0,399500131607;-1,0
EBK1991m;blink;2017-01-23-12-14-49;5,0;2,0;1,0;Percept;1;7,85800004005;-0,912999868393;-1,0
EBK1991m;blink;2017-01-23-12-14-49;5,0;3,0;1,5;Trajectory limit;1;8,02500009537;-0,99950003624;1,0
EBK1991m;blink;2017-01-23-12-14-49;5,0;3,0;1,5;Reverse rotation;;8,03299999237;-0,99950003624;1,0
EBK1991m;blink;2017-01-23-12-14-49;5,0;3,0;1,5;Sound;1.5;8,73300004005;-0,645500063896;1,0
EBK1991m;blink;2017-01-23-12-14-49;5,0;3,0;1,5;Percept;1;11,7739999294;0,870999932289;1,0
EBK1991m;blink;2017-01-23-12-14-49;5,0;4,0;0,0;Trajectory limit;-1;12,0329999924;1,00449991226;-1,0
EBK1991m;blink;2017-01-23-12-14-49;5,0;4,0;0,0;Reverse rotation;;12,0410001278;1,00449991226;-1,0
EBK1991m;blink;2017-01-23-12-14-49;5,0;5,0;1,0;Trajectory limit;1;16,0490000248;-0,996499896049;1,0
EBK1991m;blink;2017-01-23-12-14-49;5,0;5,0;1,0;Reverse rotation;;16,0569999218;-0,996499896049;1,0
EBK1991m;blink;2017-01-23-12-14-49;5,0;5,0;1,0;Percept;-1;16,5160000324;-0,766999959946;1,0
EBK1991m;blink;2017-01-23-12-14-49;5,0;5,0;1,0;Sound;1.0;17,2490000725;-0,396499872208;1,0
EBK1991m;blink;2017-01-23-12-14-49;5,0;5,0;1,0;Percept;1;19,7170000076;0,833000063896;1,0
EBK1991m;blink;2017-01-23-12-14-49;5,0;6,0;1,0;Trajectory limit;-1;20,0420000553;1,00000011921;-1,0
EBK1991m;blink;2017-01-23-12-14-49;5,0;6,0;1,0;Reverse rotation;;20,0499999523;1,00000011921;-1,0
EBK1991m;blink;2017-01-23-12-14-49;5,0;6,0;1,0;Sound;1.0;21,25;0,396000146866;-1,0
EBK1991m;blink;2017-01-23-12-14-49;5,0;6,0;1,0;Percept;1;23,7829999924;-0,866499900818;-1,0
EBK1991m;blink;2017-01-23-12-14-49;5,0;7,0;0,0;Trajectory limit;1;24,0499999523;-0,996000170708;1,0
EBK1991m;blink;2017-01-23-12-14-49;5,0;7,0;0,0;Reverse rotation;;24,0580000877;-0,996000170708;1,0
EBK1991m;blink;2017-01-23-12-14-49;5,0;7,0;0,0;Percept;-1;24,6749999523;-0,687500119209;1,0
EBK1991m;blink;2017-01-23-12-14-49;5,0;8,0;1,0;Trajectory limit;-1;28,0499999523;1,00399982929;-1,0
EBK1991m;blink;2017-01-23-12-14-49;5,0;8,0;1,0;Reverse rotation;;28,0580000877;1,00399982929;-1,0
EBK1991m;blink;2017-01-23-12-14-49;5,0;8,0;1,0;Percept;1;28,5659999847;0,749999761581;-1,0
EBK1991m;blink;2017-01-23-12-14-49;5,0;8,0;1,0;Sound;1.0;29,257999897;0,399999856949;-1,0
EBK1991m;blink;2017-01-23-12-14-49;5,0;8,0;1,0;Percept;1;31,6240000725;-0,779000163078;-1,0
EBK1991m;blink;2017-01-23-12-14-49;5,0;9,0;1,5;Trajectory limit;1;32,0580000877;-0,999999761581;1,0
EBK1991m;blink;2017-01-23-12-14-49;5,0;9,0;1,5;Reverse rotation;;32,0659999847;-0,999999761581;1,0
EBK1991m;blink;2017-01-23-12-14-49;5,0;9,0;1,5;Percept;-1;32,7409999371;-0,662499785423;1,0
EBK1991m;blink;2017-01-23-12-14-49;5,0;9,0;1,5;Sound;1.5;32,757999897;-0,649999856949;1,0
EBK1991m;blink;2017-01-23-12-14-49;5,0;9,0;1,5;Percept;-1;35,6660001278;0,800000190735;1,0
EBK1991m;blink;2017-01-23-12-14-49;5,0;10,0;0,0;Trajectory limit;-1;36,0590000153;1,00050020218;-1,0
EBK1991m;blink;2017-01-23-12-14-49;5,0;10,0;0,0;Reverse rotation;;36,0669999123;1,00050020218;-1,0
EBK1991m;blink;2017-01-23-12-14-49;5,0;10,0;0,0;Percept;1;36,7000000477;0,684000253677;-1,0
EBK1991m;blink;2017-01-23-12-14-49;5,0;11,0;1,5;Trajectory limit;1;40,0669999123;-0,996500253677;1,0
EBK1991m;blink;2017-01-23-12-14-49;5,0;11,0;1,5;Reverse rotation;;40,0750000477;-0,996500253677;1,0
EBK1991m;blink;2017-01-23-12-14-49;5,0;11,0;1,5;Sound;1.5;40,7669999599;-0,646500229836;1,0
EBK1991m;blink;2017-01-23-12-14-49;5,0;11,0;1,5;Percept;-1;40,7829999924;-0,640500187874;1,0
EBK1991m;blink;2017-01-23-12-14-49;5,0;11,0;1,5;Percept;-1;43,4500000477;0,690999746323;1,0
EBK1991m;blink;2017-01-23-12-14-49;5,0;12,0;1,0;Trajectory limit;-1;44,0669999123;1,00349974632;-1,0
EBK1991m;blink;2017-01-23-12-14-49;5,0;12,0;1,0;Reverse rotation;;44,0750000477;1,00349974632;-1,0
EBK1991m;blink;2017-01-23-12-14-49;5,0;12,0;1,0;Percept;1;44,4419999123;0,820499658585;-1,0
EBK1991m;blink;2017-01-23-12-14-49;5,0;12,0;1,0;Sound;1.0;45,2750000954;0,39949965477;-1,0
EBK1991m;blink;2017-01-23-12-14-49;5,0;12,0;1,0;Percept;-1;47,7750000954;-0,846500277519;-1,0
EBK1991m;blink;2017-01-23-12-14-49;5,0;13,0;0,0;Trajectory limit;1;48,0750000477;-0,999499678612;1,0
EBK1991m;blink;2017-01-23-12-14-49;5,0;13,0;0,0;Reverse rotation;;48,0829999447;-0,999499678612;1,0
EBK1991m;blink;2017-01-23-12-14-49;5,0;13,0;0,0;Percept;1;48,6660001278;-0,707999706268;1,0
EBK1991m;blink;2017-01-23-12-14-49;5,0;14,0;1,0;Trajectory limit;-1;52,0750000477;1,00050032139;-1,0
EBK1991m;blink;2017-01-23-12-14-49;5,0;14,0;1,0;Reverse rotation;;52,0829999447;1,00050032139;-1,0
EBK1991m;blink;2017-01-23-12-14-49;5,0;14,0;1,0;Percept;1;53,007999897;0,53800034523;-1,0
EBK1991m;blink;2017-01-23-12-14-49;5,0;14,0;1,0;Sound;1.0;53,2839999199;0,396000385284;-1,0
EBK1991m;blink;2017-01-23-12-14-49;5,0;14,0;1,0;Percept;-1;55,5750000477;-0,745499610901;-1,0
EBK1991m;blink;2017-01-23-12-14-49;5,0;15,0;1,5;Trajectory limit;1;56,0840001106;-0,996000289917;1,0
EBK1991m;blink;2017-01-23-12-14-49;5,0;15,0;1,5;Reverse rotation;;56,0920000076;-0,996000289917;1,0
EBK1991m;blink;2017-01-23-12-14-49;5,0;15,0;1,5;Percept;1;56,5499999523;-0,767000317574;1,0
EBK1991m;blink;2017-01-23-12-14-49;5,0;15,0;1,5;Sound;1.5;56,7839999199;-0,646000385284;1,0
EBK1991m;blink;2017-01-23-12-14-49;5,0;15,0;1,5;Percept;-1;59,6749999523;0,795499682426;1,0
EBK1991m;blink;2017-01-23-12-14-49;5,0;16,0;0,0;Trajectory limit;-1;60,0840001106;1,00399971008;-1,0
EBK1991m;blink;2017-01-23-12-14-49;5,0;16,0;0,0;Reverse rotation;;60,0920000076;1,00399971008;-1,0
EBK1991m;blink;2017-01-23-12-14-49;5,0;16,0;0,0;Percept;1;60,5250000954;0,787499785423;-1,0
EBK1991m;blink;2017-01-23-12-14-49;5,0;17,0;1,5;Trajectory limit;1;64,0920000076;-0,999999761581;1,0
EBK1991m;blink;2017-01-23-12-14-49;5,0;17,0;1,5;Reverse rotation;;64,0999999046;-0,999999761581;1,0
EBK1991m;blink;2017-01-23-12-14-49;5,0;17,0;1,5;Sound;1.5;64,7920000553;-0,64999973774;1,0
EBK1991m;blink;2017-01-23-12-14-49;5,0;17,0;1,5;Percept;1;64,8329999447;-0,633499741554;1,0
EBK1991m;blink;2017-01-23-12-14-49;5,0;17,0;1,5;Percept;1;68,0750000477;0,987500190735;1,0
EBK1991m;blink;2017-01-23-12-14-49;5,0;18,0;1,5;Trajectory limit;-1;68,0920000076;1,00000023842;-1,0
EBK1991m;blink;2017-01-23-12-14-49;5,0;18,0;1,5;Reverse rotation;;68,0999999046;1,00000023842;-1,0
EBK1991m;blink;2017-01-23-12-14-49;5,0;18,0;1,5;Sound;1.5;68,7999999523;0,646000266075;-1,0
EBK1991m;blink;2017-01-23-12-14-49;5,0;18,0;1,5;Percept;-1;71,5339999199;-0,716999769211;-1,0
EBK1991m;blink;2017-01-23-12-14-49;5,0;19,0;0,0;Trajectory limit;1;72,0929999352;-0,999500274658;1,0
EBK1991m;blink;2017-01-23-12-14-49;5,0;19,0;0,0;Reverse rotation;;72,1010000706;-0,999500274658;1,0
EBK1991m;blink;2017-01-23-12-14-49;5,0;19,0;0,0;Percept;1;72,5339999199;-0,783000230789;1,0
EBK1991m;blink;2017-01-23-12-14-49;5,0;20,0;1,0;Trajectory limit;-1;76,0929999352;1,00049972534;-1,0
EBK1991m;blink;2017-01-23-12-14-49;5,0;20,0;1,0;Reverse rotation;;76,1010000706;1,00049972534;-1,0
EBK1991m;blink;2017-01-23-12-14-49;5,0;20,0;1,0;Sound;1.0;77,3010001183;0,396499633789;-1,0
EBK1991m;blink;2017-01-23-12-14-49;5,0;20,0;1,0;Percept;-1;79,6180000305;-0,757500290871;-1,0
EBK1991m;blink;2017-01-23-12-14-49;5,0;21,0;1,5;Trajectory limit;1;80,1010000706;-0,996499657631;1,0
EBK1991m;blink;2017-01-23-12-14-49;5,0;21,0;1,5;Reverse rotation;;80,1089999676;-0,996499657631;1,0
EBK1991m;blink;2017-01-23-12-14-49;5,0;21,0;1,5;Percept;1;80,5510001183;-0,77599966526;1,0
EBK1991m;blink;2017-01-23-12-14-49;5,0;21,0;1,5;Sound;1.5;80,8010001183;-0,646499633789;1,0
EBK1991m;blink;2017-01-23-12-14-49;5,0;21,0;1,5;Percept;1;83,8499999046;0,874000310898;1,0
EBK1991m;blink;2017-01-23-12-14-49;5,0;22,0;0,0;Trajectory limit;-1;84,1010000706;1,00350034237;-1,0
EBK1991m;blink;2017-01-23-12-14-49;5,0;22,0;0,0;Reverse rotation;;84,1089999676;1,00350034237;-1,0
EBK1991m;blink;2017-01-23-12-14-49;5,0;23,0;1,5;Trajectory limit;1;88,1089999676;-0,999500393867;1,0
EBK1991m;blink;2017-01-23-12-14-49;5,0;23,0;1,5;Reverse rotation;;88,117000103;-0,999500393867;1,0
EBK1991m;blink;2017-01-23-12-14-49;5,0;23,0;1,5;Percept;-1;88,6600000858;-0,728500366211;1,0
EBK1991m;blink;2017-01-23-12-14-49;5,0;23,0;1,5;Sound;1.5;88,8099999428;-0,649000406265;1,0
EBK1991m;blink;2017-01-23-12-14-49;5,0;23,0;1,5;Percept;1;91,8180000782;0,850999593735;1,0
EBK1991m;blink;2017-01-23-12-14-49;5,0;24,0;1,0;Trajectory limit;-1;92,1100001335;1,0009996891;-1,0
EBK1991m;blink;2017-01-23-12-14-49;5,0;24,0;1,0;Reverse rotation;;92,1180000305;1,0009996891;-1,0
EBK1991m;blink;2017-01-23-12-14-49;5,0;24,0;1,0;Sound;1.0;93,3180000782;0,396999716759;-1,0
EBK1991m;blink;2017-01-23-12-14-49;5,0;24,0;1,0;Percept;-1;95,7009999752;-0,790500283241;-1,0
EBK1991m;blink;2017-01-23-12-14-49;5,0;24,0;1,0;Block end;;96,0009999275;-0,940500259399;-1,0
EBK1991m;blink;2017-01-23-12-14-49;6,0;1,0;0,0;Block start;;1485170930,58;-1,0;1,0
EBK1991m;blink;2017-01-23-12-14-49;6,0;1,0;0,0;Percept;-1;0,998999834061;-0,508499979973;1,0
EBK1991m;blink;2017-01-23-12-14-49;6,0;2,0;1,0;Trajectory limit;-1;4,01599979401;1,0039999485;-1,0
EBK1991m;blink;2017-01-23-12-14-49;6,0;2,0;1,0;Reverse rotation;;4,02399992943;1,0039999485;-1,0
EBK1991m;blink;2017-01-23-12-14-49;6,0;2,0;1,0;Percept;1;4,54099988937;0,745999932289;-1,0
EBK1991m;blink;2017-01-23-12-14-49;6,0;2,0;1,0;Sound;1.0;5,22399997711;0,399999856949;-1,0
EBK1991m;blink;2017-01-23-12-14-49;6,0;2,0;1,0;Percept;-1;7,76599979401;-0,867000102997;-1,0
EBK1991m;blink;2017-01-23-12-14-49;6,0;3,0;1,5;Trajectory limit;1;8,02499985695;-0,99949991703;1,0
EBK1991m;blink;2017-01-23-12-14-49;6,0;3,0;1,5;Reverse rotation;;8,03299999237;-0,99949991703;1,0
EBK1991m;blink;2017-01-23-12-14-49;6,0;3,0;1,5;Percept;1;8,57499980927;-0,728499889374;1,0
EBK1991m;blink;2017-01-23-12-14-49;6,0;3,0;1,5;Sound;1.5;8,72499990463;-0,649499893188;1,0
EBK1991m;blink;2017-01-23-12-14-49;6,0;4,0;0,0;Trajectory limit;-1;12,0249998569;1,00050008297;-1,0
EBK1991m;blink;2017-01-23-12-14-49;6,0;4,0;0,0;Reverse rotation;;12,0329999924;1,00050008297;-1,0
EBK1991m;blink;2017-01-23-12-14-49;6,0;4,0;0,0;Percept;1;12,132999897;0,950500011444;-1,0
EBK1991m;blink;2017-01-23-12-14-49;6,0;5,0;1,0;Trajectory limit;1;16,0329999924;-0,996500015259;1,0
EBK1991m;blink;2017-01-23-12-14-49;6,0;5,0;1,0;Reverse rotation;;16,0409998894;-0,996500015259;1,0
EBK1991m;blink;2017-01-23-12-14-49;6,0;5,0;1,0;Percept;-1;16,5409998894;-0,746500015259;1,0
EBK1991m;blink;2017-01-23-12-14-49;6,0;5,0;1,0;Sound;1.0;17,2329998016;-0,396500110626;1,0
EBK1991m;blink;2017-01-23-12-14-49;6,0;5,0;1,0;Percept;1;19,8329999447;0,899499893188;1,0
EBK1991m;blink;2017-01-23-12-14-49;6,0;6,0;1,0;Trajectory limit;-1;20,0329999924;1,00349998474;-1,0
EBK1991m;blink;2017-01-23-12-14-49;6,0;6,0;1,0;Reverse rotation;;20,0409998894;1,00349998474;-1,0
EBK1991m;blink;2017-01-23-12-14-49;6,0;6,0;1,0;Sound;1.0;21,2409999371;0,399500012398;-1,0
EBK1991m;blink;2017-01-23-12-14-49;6,0;6,0;1,0;Percept;1;23,3409998417;-0,646499991417;-1,0
EBK1991m;blink;2017-01-23-12-14-49;6,0;7,0;0,0;Trajectory limit;1;24,0409998894;-0,99950003624;1,0
EBK1991m;blink;2017-01-23-12-14-49;6,0;7,0;0,0;Reverse rotation;;24,0489997864;-0,99950003624;1,0
EBK1991m;blink;2017-01-23-12-14-49;6,0;7,0;0,0;Percept;-1;24,5239999294;-0,762000083923;1,0
EBK1991m;blink;2017-01-23-12-14-49;6,0;8,0;1,0;Trajectory limit;-1;28,0419998169;1,00099992752;-1,0
EBK1991m;blink;2017-01-23-12-14-49;6,0;8,0;1,0;Reverse rotation;;28,0499999523;1,00099992752;-1,0
EBK1991m;blink;2017-01-23-12-14-49;6,0;8,0;1,0;Sound;1.0;29,25;0,396999835968;-1,0
EBK1991m;blink;2017-01-23-12-14-49;6,0;8,0;1,0;Percept;1;31,2079999447;-0,578000068665;-1,0
EBK1991m;blink;2017-01-23-12-14-49;6,0;9,0;1,5;Trajectory limit;1;32,0499999523;-0,99699985981;1,0
EBK1991m;blink;2017-01-23-12-14-49;6,0;9,0;1,5;Reverse rotation;;32,0579998493;-0,99699985981;1,0
EBK1991m;blink;2017-01-23-12-14-49;6,0;9,0;1,5;Percept;-1;32,6159999371;-0,71799993515;1,0
EBK1991m;blink;2017-01-23-12-14-49;6,0;9,0;1,5;Sound;1.5;32,75;-0,646999835968;1,0
EBK1991m;blink;2017-01-23-12-14-49;6,0;9,0;1,5;Percept;-1;35,5909998417;0,769500136375;1,0
EBK1991m;blink;2017-01-23-12-14-49;6,0;10,0;0,0;Trajectory limit;-1;36,0499999523;1,00300014019;-1,0
EBK1991m;blink;2017-01-23-12-14-49;6,0;10,0;0,0;Reverse rotation;;36,0579998493;1,00300014019;-1,0
EBK1991m;blink;2017-01-23-12-14-49;6,0;10,0;0,0;Percept;1;36,5829999447;0,740500211716;-1,0
EBK1991m;blink;2017-01-23-12-14-49;6,0;11,0;1,5;Trajectory limit;1;40,0579998493;-0,999000191689;1,0
EBK1991m;blink;2017-01-23-12-14-49;6,0;11,0;1,5;Reverse rotation;;40,0659999847;-0,999000191689;1,0
EBK1991m;blink;2017-01-23-12-14-49;6,0;11,0;1,5;Percept;-1;40,5499999523;-0,757500171661;1,0
EBK1991m;blink;2017-01-23-12-14-49;6,0;11,0;1,5;Sound;1.5;40,757999897;-0,649000167847;1,0
EBK1991m;blink;2017-01-23-12-14-49;6,0;11,0;1,5;Percept;-1;43,6839997768;0,80999982357;1,0
EBK1991m;blink;2017-01-23-12-14-49;6,0;12,0;1,0;Trajectory limit;-1;44,0589997768;1,00149977207;-1,0
EBK1991m;blink;2017-01-23-12-14-49;6,0;12,0;1,0;Reverse rotation;;44,0669999123;1,00149977207;-1,0
EBK1991m;blink;2017-01-23-12-14-49;6,0;12,0;1,0;Percept;1;44,6089999676;0,730499744415;-1,0
EBK1991m;blink;2017-01-23-12-14-49;6,0;12,0;1,0;Sound;1.0;45,2669999599;0,397499680519;-1,0
EBK1991m;blink;2017-01-23-12-14-49;6,0;13,0;0,0;Trajectory limit;1;48,0669999123;-0,997499704361;1,0
EBK1991m;blink;2017-01-23-12-14-49;6,0;13,0;0,0;Reverse rotation;;48,0749998093;-0,997499704361;1,0
EBK1991m;blink;2017-01-23-12-14-49;6,0;13,0;0,0;Percept;-1;48,6589999199;-0,705999732018;1,0
EBK1991m;blink;2017-01-23-12-14-49;6,0;13,0;0,0;Percept;1;48,9919998646;-0,538999676704;1,0
EBK1991m;blink;2017-01-23-12-14-49;6,0;13,0;0,0;Percept;-1;50,4329998493;0,181500315666;1,0
EBK1991m;blink;2017-01-23-12-14-49;6,0;14,0;1,0;Trajectory limit;-1;52,0669999123;1,00250029564;-1,0
EBK1991m;blink;2017-01-23-12-14-49;6,0;14,0;1,0;Reverse rotation;;52,0749998093;1,00250029564;-1,0
EBK1991m;blink;2017-01-23-12-14-49;6,0;14,0;1,0;Percept;1;52,9079999924;0,586000323296;-1,0
EBK1991m;blink;2017-01-23-12-14-49;6,0;14,0;1,0;Sound;1.0;53,2749998569;0,398500323296;-1,0
EBK1991m;blink;2017-01-23-12-14-49;6,0;14,0;1,0;Percept;1;55,8499999046;-0,884999752045;-1,0
EBK1991m;blink;2017-01-23-12-14-49;6,0;15,0;1,5;Trajectory limit;1;56,0749998093;-0,998500347137;1,0
EBK1991m;blink;2017-01-23-12-14-49;6,0;15,0;1,5;Reverse rotation;;56,0839998722;-0,998500347137;1,0
EBK1991m;blink;2017-01-23-12-14-49;6,0;15,0;1,5;Percept;-1;56,7669999599;-0,657000303268;1,0
EBK1991m;blink;2017-01-23-12-14-49;6,0;15,0;1,5;Sound;1.5;56,7749998569;-0,648500323296;1,0
EBK1991m;blink;2017-01-23-12-14-49;6,0;15,0;1,5;Percept;1;59,632999897;0,77649974823;1,0
EBK1991m;blink;2017-01-23-12-14-49;6,0;16,0;0,0;Trajectory limit;-1;60,0759999752;1,00199973583;-1,0
EBK1991m;blink;2017-01-23-12-14-49;6,0;16,0;0,0;Reverse rotation;;60,0839998722;1,00199973583;-1,0
EBK1991m;blink;2017-01-23-12-14-49;6,0;17,0;1,5;Trajectory limit;1;64,0839998722;-0,997999787331;1,0
EBK1991m;blink;2017-01-23-12-14-49;6,0;17,0;1,5;Reverse rotation;;64,0920000076;-0,997999787331;1,0
EBK1991m;blink;2017-01-23-12-14-49;6,0;17,0;1,5;Percept;-1;64,7339999676;-0,676999807358;1,0
EBK1991m;blink;2017-01-23-12-14-49;6,0;17,0;1,5;Sound;1.5;64,7839999199;-0,647999763489;1,0
EBK1991m;blink;2017-01-23-12-14-49;6,0;17,0;1,5;Percept;1;68,0249998569;0,968500256538;1,0
EBK1991m;blink;2017-01-23-12-14-49;6,0;18,0;1,5;Trajectory limit;-1;68,0839998722;1,00200021267;-1,0
EBK1991m;blink;2017-01-23-12-14-49;6,0;18,0;1,5;Reverse rotation;;68,0920000076;1,00200021267;-1,0
EBK1991m;blink;2017-01-23-12-14-49;6,0;18,0;1,5;Sound;1.5;68,7919998169;0,648000240326;-1,0
EBK1991m;blink;2017-01-23-12-14-49;6,0;18,0;1,5;Percept;1;71,4419999123;-0,672999739647;-1,0
EBK1991m;blink;2017-01-23-12-14-49;6,0;19,0;0,0;Trajectory limit;1;72,0920000076;-0,998000144958;1,0
EBK1991m;blink;2017-01-23-12-14-49;6,0;19,0;0,0;Reverse rotation;;72,0999999046;-0,998000144958;1,0
EBK1991m;blink;2017-01-23-12-14-49;6,0;19,0;0,0;Percept;-1;72,5339999199;-0,781500220299;1,0
EBK1991m;blink;2017-01-23-12-14-49;6,0;20,0;1,0;Trajectory limit;-1;76,0920000076;1,00199985504;-1,0
EBK1991m;blink;2017-01-23-12-14-49;6,0;20,0;1,0;Reverse rotation;;76,0999999046;1,00199985504;-1,0
EBK1991m;blink;2017-01-23-12-14-49;6,0;20,0;1,0;Percept;1;77,0669999123;0,518499970436;-1,0
EBK1991m;blink;2017-01-23-12-14-49;6,0;20,0;1,0;Sound;1.0;77,3009998798;0,397499918938;-1,0
EBK1991m;blink;2017-01-23-12-14-49;6,0;21,0;1,5;Trajectory limit;1;80,1009998322;-0,99749994278;1,0
EBK1991m;blink;2017-01-23-12-14-49;6,0;21,0;1,5;Reverse rotation;;80,1089999676;-0,99749994278;1,0
EBK1991m;blink;2017-01-23-12-14-49;6,0;21,0;1,5;Percept;1;80,3259999752;-0,888999938965;1,0
EBK1991m;blink;2017-01-23-12-14-49;6,0;21,0;1,5;Percept;-1;80,8009998798;-0,651499867439;1,0
EBK1991m;blink;2017-01-23-12-14-49;6,0;21,0;1,5;Sound;1.5;80,8089997768;-0,643499970436;1,0
EBK1991m;blink;2017-01-23-12-14-49;6,0;21,0;1,5;Percept;-1;83,8089997768;0,852500081062;1,0
EBK1991m;blink;2017-01-23-12-14-49;6,0;22,0;0,0;Trajectory limit;-1;84,1009998322;1,00250005722;-1,0
EBK1991m;blink;2017-01-23-12-14-49;6,0;22,0;0,0;Reverse rotation;;84,1089999676;1,00250005722;-1,0
EBK1991m;blink;2017-01-23-12-14-49;6,0;22,0;0,0;Percept;1;84,6589999199;0,727500081062;-1,0
EBK1991m;blink;2017-01-23-12-14-49;6,0;23,0;1,5;Trajectory limit;1;88,1089999676;-0,99849998951;1,0
EBK1991m;blink;2017-01-23-12-14-49;6,0;23,0;1,5;Reverse rotation;;88,1169998646;-0,99849998951;1,0
EBK1991m;blink;2017-01-23-12-14-49;6,0;23,0;1,5;Percept;-1;88,8089997768;-0,652500033379;1,0
EBK1991m;blink;2017-01-23-12-14-49;6,0;23,0;1,5;Sound;1.5;88,8169999123;-0,644500017166;1,0
EBK1991m;blink;2017-01-23-12-14-49;6,0;23,0;1,5;Percept;-1;91,5339999199;0,709999918938;1,0
EBK1991m;blink;2017-01-23-12-14-49;6,0;24,0;1,0;Trajectory limit;-1;92,1089999676;1,00150001049;-1,0
EBK1991m;blink;2017-01-23-12-14-49;6,0;24,0;1,0;Reverse rotation;;92,1169998646;1,00150001049;-1,0
EBK1991m;blink;2017-01-23-12-14-49;6,0;24,0;1,0;Percept;1;92,7089998722;0,705500006676;-1,0
EBK1991m;blink;2017-01-23-12-14-49;6,0;24,0;1,0;Sound;1.0;93,3169999123;0,397500038147;-1,0
EBK1991m;blink;2017-01-23-12-14-49;6,0;24,0;1,0;Percept;1;95,8099999428;-0,844999909401;-1,0
EBK1991m;blink;2017-01-23-12-14-49;6,0;24,0;1,0;Block end;;96,0009999275;-0,940499901772;-1,0
EBK1991m;blink;2017-01-23-12-14-49;7,0;1,0;0,0;Block start;;1485171188,65;-1,0;1,0
EBK1991m;blink;2017-01-23-12-14-49;7,0;1,0;0,0;Percept;1;0,967000007629;-0,524500012398;1,0
EBK1991m;blink;2017-01-23-12-14-49;7,0;2,0;1,0;Trajectory limit;-1;4,00899982452;1,00049996376;-1,0
EBK1991m;blink;2017-01-23-12-14-49;7,0;2,0;1,0;Reverse rotation;;4,01699995995;1,00049996376;-1,0
EBK1991m;blink;2017-01-23-12-14-49;7,0;2,0;1,0;Percept;-1;4,47499990463;0,771499872208;-1,0
EBK1991m;blink;2017-01-23-12-14-49;7,0;2,0;1,0;Sound;1.0;5,21700000763;0,396499872208;-1,0
EBK1991m;blink;2017-01-23-12-14-49;7,0;2,0;1,0;Percept;1;7,72499990463;-0,853500127792;-1,0
EBK1991m;blink;2017-01-23-12-14-49;7,0;3,0;1,5;Trajectory limit;1;8,01699995995;-0,996499896049;1,0
EBK1991m;blink;2017-01-23-12-14-49;7,0;3,0;1,5;Reverse rotation;;8,02499985695;-0,996499896049;1,0
EBK1991m;blink;2017-01-23-12-14-49;7,0;3,0;1,5;Percept;-1;8,632999897;-0,692499876022;1,0
EBK1991m;blink;2017-01-23-12-14-49;7,0;3,0;1,5;Sound;1.5;8,71700000763;-0,646499872208;1,0
EBK1991m;blink;2017-01-23-12-14-49;7,0;3,0;1,5;Percept;1;11,6759998798;0,829000115395;1,0
EBK1991m;blink;2017-01-23-12-14-49;7,0;4,0;0,0;Trajectory limit;-1;12,0179998875;1,00400006771;-1,0
EBK1991m;blink;2017-01-23-12-14-49;7,0;4,0;0,0;Reverse rotation;;12,0260000229;1,00400006771;-1,0
EBK1991m;blink;2017-01-23-12-14-49;7,0;4,0;0,0;Percept;-1;12,4839999676;0,775000095367;-1,0
EBK1991m;blink;2017-01-23-12-14-49;7,0;5,0;1,0;Trajectory limit;1;16,0339999199;-0,996000051498;1,0
EBK1991m;blink;2017-01-23-12-14-49;7,0;5,0;1,0;Reverse rotation;;16,0419998169;-0,996000051498;1,0
EBK1991m;blink;2017-01-23-12-14-49;7,0;5,0;1,0;Sound;1.0;17,2339999676;-0,396000027657;1,0
EBK1991m;blink;2017-01-23-12-14-49;7,0;5,0;1,0;Percept;-1;17,4509999752;-0,291500091553;1,0
EBK1991m;blink;2017-01-23-12-14-49;7,0;5,0;1,0;Percept;-1;19,6840000153;0,824999928474;1,0
EBK1991m;blink;2017-01-23-12-14-49;7,0;6,0;1,0;Trajectory limit;-1;20,0339999199;1,0039999485;-1,0
EBK1991m;blink;2017-01-23-12-14-49;7,0;6,0;1,0;Reverse rotation;;20,0419998169;1,0039999485;-1,0
EBK1991m;blink;2017-01-23-12-14-49;7,0;6,0;1,0;Percept;1;20,6759998798;0,6875;-1,0
EBK1991m;blink;2017-01-23-12-14-49;7,0;6,0;1,0;Sound;1.0;21,2419998646;0,399999976158;-1,0
EBK1991m;blink;2017-01-23-12-14-49;7,0;7,0;0,0;Trajectory limit;1;24,0509998798;-0,995499968529;1,0
EBK1991m;blink;2017-01-23-12-14-49;7,0;7,0;0,0;Reverse rotation;;24,0590000153;-0,995499968529;1,0
EBK1991m;blink;2017-01-23-12-14-49;7,0;7,0;0,0;Percept;1;24,2419998646;-0,90399992466;1,0
EBK1991m;blink;2017-01-23-12-14-49;7,0;7,0;0,0;Percept;-1;24,6999998093;-0,674999952316;1,0
EBK1991m;blink;2017-01-23-12-14-49;7,0;8,0;1,0;Trajectory limit;-1;28,0509998798;1,00400006771;-1,0
EBK1991m;blink;2017-01-23-12-14-49;7,0;8,0;1,0;Reverse rotation;;28,0579998493;1,00400006771;-1,0
EBK1991m;blink;2017-01-23-12-14-49;7,0;8,0;1,0;Percept;1;28,625;0,72050011158;-1,0
EBK1991m;blink;2017-01-23-12-14-49;7,0;8,0;1,0;Sound;1.0;29,2599999905;0,399000048637;-1,0
EBK1991m;blink;2017-01-23-12-14-49;7,0;8,0;1,0;Percept;1;31,6759998798;-0,804999947548;-1,0
EBK1991m;blink;2017-01-23-12-14-49;7,0;9,0;1,5;Trajectory limit;1;32,0599999428;-0,999000072479;1,0
EBK1991m;blink;2017-01-23-12-14-49;7,0;9,0;1,5;Reverse rotation;;32,0679998398;-0,999000072479;1,0
EBK1991m;blink;2017-01-23-12-14-49;7,0;9,0;1,5;Percept;-1;32,5260000229;-0,770000100136;1,0
EBK1991m;blink;2017-01-23-12-14-49;7,0;9,0;1,5;Sound;1.5;32,7599999905;-0,649000048637;1,0
EBK1991m;blink;2017-01-23-12-14-49;7,0;9,0;1,5;Percept;-1;35,8509998322;0,892499923706;1,0
EBK1991m;blink;2017-01-23-12-14-49;7,0;10,0;0,0;Trajectory limit;-1;36,0599999428;1,00049996376;-1,0
EBK1991m;blink;2017-01-23-12-14-49;7,0;10,0;0,0;Reverse rotation;;36,0669999123;1,00049996376;-1,0
EBK1991m;blink;2017-01-23-12-14-49;7,0;10,0;0,0;Percept;1;36,5179998875;0,775500059128;-1,0
EBK1991m;blink;2017-01-23-12-14-49;7,0;11,0;1,5;Trajectory limit;1;40,0679998398;-0,996000051498;1,0
EBK1991m;blink;2017-01-23-12-14-49;7,0;11,0;1,5;Reverse rotation;;40,0759999752;-0,996000051498;1,0
EBK1991m;blink;2017-01-23-12-14-49;7,0;11,0;1,5;Percept;-1;40,4919998646;-0,787999987602;1,0
EBK1991m;blink;2017-01-23-12-14-49;7,0;11,0;1,5;Sound;1.5;40,7679998875;-0,646000027657;1,0
EBK1991m;blink;2017-01-23-12-14-49;7,0;11,0;1,5;Percept;1;43,8169999123;0,87450003624;1,0
EBK1991m;blink;2017-01-23-12-14-49;7,0;12,0;1,0;Trajectory limit;-1;44,0679998398;1,00349998474;-1,0
EBK1991m;blink;2017-01-23-12-14-49;7,0;12,0;1,0;Reverse rotation;;44,0749998093;1,00349998474;-1,0
EBK1991m;blink;2017-01-23-12-14-49;7,0;12,0;1,0;Percept;-1;45,1259999275;0,477999925613;-1,0
EBK1991m;blink;2017-01-23-12-14-49;7,0;12,0;1,0;Sound;1.0;45,2760000229;0,398999929428;-1,0
EBK1991m;blink;2017-01-23-12-14-49;7,0;13,0;0,0;Trajectory limit;1;48,0769999027;-0,99849998951;1,0
EBK1991m;blink;2017-01-23-12-14-49;7,0;13,0;0,0;Reverse rotation;;48,0850000381;-0,99849998951;1,0
EBK1991m;blink;2017-01-23-12-14-49;7,0;13,0;0,0;Percept;1;48,5349998474;-0,773499965668;1,0
EBK1991m;blink;2017-01-23-12-14-49;7,0;13,0;0,0;Percept;-1;48,8429999352;-0,619499921799;1,0
EBK1991m;blink;2017-01-23-12-14-49;7,0;14,0;1,0;Trajectory limit;-1;52,0769999027;1,00100004673;-1,0
EBK1991m;blink;2017-01-23-12-14-49;7,0;14,0;1,0;Reverse rotation;;52,0839998722;1,00100004673;-1,0
EBK1991m;blink;2017-01-23-12-14-49;7,0;14,0;1,0;Percept;1;52,8429999352;0,621500015259;-1,0
EBK1991m;blink;2017-01-23-12-14-49;7,0;14,0;1,0;Sound;1.0;53,2849998474;0,396500110626;-1,0
EBK1991m;blink;2017-01-23-12-14-49;7,0;14,0;1,0;Percept;1;55,8509998322;-0,882499933243;-1,0
EBK1991m;blink;2017-01-23-12-14-49;7,0;15,0;1,5;Trajectory limit;1;56,0850000381;-0,996500015259;1,0
EBK1991m;blink;2017-01-23-12-14-49;7,0;15,0;1,5;Reverse rotation;;56,0929999352;-0,996500015259;1,0
EBK1991m;blink;2017-01-23-12-14-49;7,0;15,0;1,5;Sound;1.5;56,7849998474;-0,646500110626;1,0
EBK1991m;blink;2017-01-23-12-14-49;7,0;15,0;1,5;Percept;-1;56,7969999313;-0,646500110626;1,0
EBK1991m;blink;2017-01-23-12-14-49;7,0;15,0;1,5;Percept;-1;59,4839999676;0,698999881744;1,0
EBK1991m;blink;2017-01-23-12-14-49;7,0;16,0;0,0;Trajectory limit;-1;60,0850000381;1,00299990177;-1,0
EBK1991m;blink;2017-01-23-12-14-49;7,0;16,0;0,0;Reverse rotation;;60,0920000076;1,00299990177;-1,0
EBK1991m;blink;2017-01-23-12-14-49;7,0;16,0;0,0;Percept;1;60,6009998322;0,7484998703;-1,0
EBK1991m;blink;2017-01-23-12-14-49;7,0;17,0;1,5;Trajectory limit;1;64,0939998627;-0,99799990654;1,0
EBK1991m;blink;2017-01-23-12-14-49;7,0;17,0;1,5;Reverse rotation;;64,1019999981;-0,99799990654;1,0
EBK1991m;blink;2017-01-23-12-14-49;7,0;17,0;1,5;Sound;1.5;64,7939999104;-0,647999882698;1,0
EBK1991m;blink;2017-01-23-12-14-49;7,0;17,0;1,5;Percept;-1;64,8519999981;-0,62299990654;1,0
EBK1991m;blink;2017-01-23-12-14-49;7,0;17,0;1,5;Percept;-1;67,9429998398;0,922500133514;1,0
EBK1991m;blink;2017-01-23-12-14-49;7,0;18,0;1,5;Trajectory limit;-1;68,0939998627;1,00200009346;-1,0
EBK1991m;blink;2017-01-23-12-14-49;7,0;18,0;1,5;Reverse rotation;;68,1009998322;1,00200009346;-1,0
EBK1991m;blink;2017-01-23-12-14-49;7,0;18,0;1,5;Percept;1;68,6180000305;0,744000077248;-1,0
EBK1991m;blink;2017-01-23-12-14-49;7,0;18,0;1,5;Sound;1.5;68,8019998074;0,648000121117;-1,0
EBK1991m;blink;2017-01-23-12-14-49;7,0;19,0;0,0;Trajectory limit;1;72,1019999981;-0,998000025749;1,0
EBK1991m;blink;2017-01-23-12-14-49;7,0;19,0;0,0;Reverse rotation;;72,1099998951;-0,998000025749;1,0
EBK1991m;blink;2017-01-23-12-14-49;7,0;19,0;0,0;Percept;1;72,2849998474;-0,910500049591;1,0
EBK1991m;blink;2017-01-23-12-14-49;7,0;19,0;0,0;Percept;-1;73,2509999275;-0,427500009537;1,0
EBK1991m;blink;2017-01-23-12-14-49;7,0;20,0;1,0;Trajectory limit;-1;76,1019999981;1,00199997425;-1,0
EBK1991m;blink;2017-01-23-12-14-49;7,0;20,0;1,0;Reverse rotation;;76,1099998951;1,00199997425;-1,0
EBK1991m;blink;2017-01-23-12-14-49;7,0;20,0;1,0;Sound;1.0;77,3099999428;0,398000001907;-1,0
EBK1991m;blink;2017-01-23-12-14-49;7,0;20,0;1,0;Percept;1;77,4679999352;0,322999954224;-1,0
EBK1991m;blink;2017-01-23-12-14-49;7,0;21,0;1,5;Trajectory limit;1;80,1099998951;-0,998000025749;1,0
EBK1991m;blink;2017-01-23-12-14-49;7,0;21,0;1,5;Reverse rotation;;80,1180000305;-0,998000025749;1,0
EBK1991m;blink;2017-01-23-12-14-49;7,0;21,0;1,5;Percept;1;80,128000021;-0,998000025749;1,0
EBK1991m;blink;2017-01-23-12-14-49;7,0;21,0;1,5;Percept;-1;80,7339999676;-0,69000005722;1,0
EBK1991m;blink;2017-01-23-12-14-49;7,0;21,0;1,5;Sound;1.5;80,8099999428;-0,648000001907;1,0
EBK1991m;blink;2017-01-23-12-14-49;7,0;21,0;1,5;Percept;-1;83,5269999504;0,706499934196;1,0
EBK1991m;blink;2017-01-23-12-14-49;7,0;22,0;0,0;Trajectory limit;-1;84,1109998226;1,00249993801;-1,0
EBK1991m;blink;2017-01-23-12-14-49;7,0;22,0;0,0;Reverse rotation;;84,118999958;1,00249993801;-1,0
EBK1991m;blink;2017-01-23-12-14-49;7,0;22,0;0,0;Percept;1;85,2019999027;0,460999846458;-1,0
EBK1991m;blink;2017-01-23-12-14-49;7,0;23,0;1,5;Trajectory limit;1;88,118999958;-0,9984998703;1,0
EBK1991m;blink;2017-01-23-12-14-49;7,0;23,0;1,5;Reverse rotation;;88,126999855;-0,9984998703;1,0
EBK1991m;blink;2017-01-23-12-14-49;7,0;23,0;1,5;Percept;-1;88,8099999428;-0,656999945641;1,0
EBK1991m;blink;2017-01-23-12-14-49;7,0;23,0;1,5;Sound;1.5;88,8179998398;-0,648999929428;1,0
EBK1991m;blink;2017-01-23-12-14-49;7,0;23,0;1,5;Percept;-1;92,0599999428;0,968000054359;1,0
EBK1991m;blink;2017-01-23-12-14-49;7,0;24,0;1,0;Trajectory limit;-1;92,118999958;1,0015001297;-1,0
EBK1991m;blink;2017-01-23-12-14-49;7,0;24,0;1,0;Reverse rotation;;92,1259999275;1,0015001297;-1,0
EBK1991m;blink;2017-01-23-12-14-49;7,0;24,0;1,0;Percept;1;92,7349998951;0,697500109673;-1,0
EBK1991m;blink;2017-01-23-12-14-49;7,0;24,0;1,0;Sound;1.0;93,3269999027;0,397500157356;-1,0
EBK1991m;blink;2017-01-23-12-14-49;7,0;24,0;1,0;Percept;1;96,001999855;-0,93549990654;-1,0
EBK1991m;blink;2017-01-23-12-14-49;7,0;24,0;1,0;Block end;;96,0099999905;-0,93549990654;-1,0
EBK1991m;blink;2017-01-23-12-14-49;8,0;1,0;0,0;Block start;;1485171328,48;-1,0;1,0
EBK1991m;blink;2017-01-23-12-14-49;8,0;1,0;0,0;Percept;1;1,41600012779;-0,300500035286;1,0
EBK1991m;blink;2017-01-23-12-14-49;8,0;2,0;1,0;Trajectory limit;-1;4,01600003242;1,00349998474;-1,0
EBK1991m;blink;2017-01-23-12-14-49;8,0;2,0;1,0;Reverse rotation;;4,02400016785;1,00349998474;-1,0
EBK1991m;blink;2017-01-23-12-14-49;8,0;2,0;1,0;Percept;-1;4,23300004005;0,899499893188;-1,0
EBK1991m;blink;2017-01-23-12-14-49;8,0;2,0;1,0;Percept;1;4,69900012016;0,665999889374;-1,0
EBK1991m;blink;2017-01-23-12-14-49;8,0;2,0;1,0;Sound;1.0;5,22400021553;0,399499893188;-1,0
EBK1991m;blink;2017-01-23-12-14-49;8,0;2,0;1,0;Percept;-1;7,50800013542;-0,738000035286;-1,0
EBK1991m;blink;2017-01-23-12-14-49;8,0;3,0;1,5;Trajectory limit;1;8,02400016785;-0,99949991703;1,0
EBK1991m;blink;2017-01-23-12-14-49;8,0;3,0;1,5;Reverse rotation;;8,03200006485;-0,99949991703;1,0
EBK1991m;blink;2017-01-23-12-14-49;8,0;3,0;1,5;Percept;1;8,49100017548;-0,769999980927;1,0
EBK1991m;blink;2017-01-23-12-14-49;8,0;3,0;1,5;Sound;1.5;8,72500014305;-0,648999929428;1,0
EBK1991m;blink;2017-01-23-12-14-49;8,0;3,0;1,5;Percept;-1;11,6500000954;0,809500098228;1,0
EBK1991m;blink;2017-01-23-12-14-49;8,0;4,0;0,0;Trajectory limit;-1;12,0250000954;1,00100004673;-1,0
EBK1991m;blink;2017-01-23-12-14-49;8,0;4,0;0,0;Reverse rotation;;12,0340001583;1,00100004673;-1,0
EBK1991m;blink;2017-01-23-12-14-49;8,0;4,0;0,0;Percept;1;12,5420000553;0,747000098228;-1,0
EBK1991m;blink;2017-01-23-12-14-49;8,0;5,0;1,0;Trajectory limit;1;16,0340001583;-0,997000098228;1,0
EBK1991m;blink;2017-01-23-12-14-49;8,0;5,0;1,0;Reverse rotation;;16,0410001278;-0,997000098228;1,0
EBK1991m;blink;2017-01-23-12-14-49;8,0;5,0;1,0;Percept;-1;16,4670000076;-0,784500002861;1,0
EBK1991m;blink;2017-01-23-12-14-49;8,0;5,0;1,0;Sound;1.0;17,2330000401;-0,397000074387;1,0
EBK1991m;blink;2017-01-23-12-14-49;8,0;5,0;1,0;Percept;1;19,7829999924;0,87399995327;1,0
EBK1991m;blink;2017-01-23-12-14-49;8,0;6,0;1,0;Trajectory limit;-1;20,0329999924;1,00299990177;-1,0
EBK1991m;blink;2017-01-23-12-14-49;8,0;6,0;1,0;Reverse rotation;;20,0410001278;1,00299990177;-1,0
EBK1991m;blink;2017-01-23-12-14-49;8,0;6,0;1,0;Sound;1.0;21,242000103;0,398499846458;-1,0
EBK1991m;blink;2017-01-23-12-14-49;8,0;7,0;0,0;Trajectory limit;1;24,0410001278;-0,998999834061;1,0
EBK1991m;blink;2017-01-23-12-14-49;8,0;7,0;0,0;Reverse rotation;;24,0500001907;-0,998999834061;1,0
EBK1991m;blink;2017-01-23-12-14-49;8,0;7,0;0,0;Percept;1;24,0670001507;-0,987499833107;1,0
EBK1991m;blink;2017-01-23-12-14-49;8,0;7,0;0,0;Percept;-1;24,7410001755;-0,65299987793;1,0
EBK1991m;blink;2017-01-23-12-14-49;8,0;8,0;1,0;Trajectory limit;-1;28,0410001278;1,00100016594;-1,0
EBK1991m;blink;2017-01-23-12-14-49;8,0;8,0;1,0;Reverse rotation;;28,0490000248;1,00100016594;-1,0
EBK1991m;blink;2017-01-23-12-14-49;8,0;8,0;1,0;Percept;1;29,2000000477;0,425500154495;-1,0
EBK1991m;blink;2017-01-23-12-14-49;8,0;8,0;1,0;Sound;1.0;29,2510001659;0,396500229836;-1,0
EBK1991m;blink;2017-01-23-12-14-49;8,0;9,0;1,5;Trajectory limit;1;32,0500001907;-0,996500134468;1,0
EBK1991m;blink;2017-01-23-12-14-49;8,0;9,0;1,5;Reverse rotation;;32,0580000877;-0,996500134468;1,0
EBK1991m;blink;2017-01-23-12-14-49;8,0;9,0;1,5;Percept;1;32,1420001984;-0,954500198364;1,0
EBK1991m;blink;2017-01-23-12-14-49;8,0;9,0;1,5;Sound;1.5;32,75;-0,646500229836;1,0
EBK1991m;blink;2017-01-23-12-14-49;8,0;9,0;1,5;Percept;-1;32,8420000076;-0,604500174522;1,0
EBK1991m;blink;2017-01-23-12-14-49;8,0;9,0;1,5;Percept;-1;35,4750001431;0,711999773979;1,0
EBK1991m;blink;2017-01-23-12-14-49;8,0;10,0;0,0;Trajectory limit;-1;36,0500001907;1,00349986553;-1,0
EBK1991m;blink;2017-01-23-12-14-49;8,0;10,0;0,0;Reverse rotation;;36,0580000877;1,00349986553;-1,0
EBK1991m;blink;2017-01-23-12-14-49;8,0;10,0;0,0;Percept;1;36,4670000076;0,798999905586;-1,0
EBK1991m;blink;2017-01-23-12-14-49;8,0;11,0;1,5;Trajectory limit;1;40,0590000153;-0,99949991703;1,0
EBK1991m;blink;2017-01-23-12-14-49;8,0;11,0;1,5;Reverse rotation;;40,0660002232;-0,99949991703;1,0
EBK1991m;blink;2017-01-23-12-14-49;8,0;11,0;1,5;Percept;-1;40,5670001507;-0,74949991703;1,0
EBK1991m;blink;2017-01-23-12-14-49;8,0;11,0;1,5;Sound;1.5;40,7580001354;-0,649499893188;1,0
EBK1991m;blink;2017-01-23-12-14-49;8,0;11,0;1,5;Percept;-1;43,6160001755;0,775500059128;1,0
EBK1991m;blink;2017-01-23-12-14-49;8,0;12,0;1,0;Trajectory limit;-1;44,0580000877;1,00050008297;-1,0
EBK1991m;blink;2017-01-23-12-14-49;8,0;12,0;1,0;Reverse rotation;;44,0660002232;1,00050008297;-1,0
EBK1991m;blink;2017-01-23-12-14-49;8,0;12,0;1,0;Percept;1;44,5160000324;0,775500059128;-1,0
EBK1991m;blink;2017-01-23-12-14-49;8,0;12,0;1,0;Sound;1.0;45,2670001984;0,396000027657;-1,0
EBK1991m;blink;2017-01-23-12-14-49;8,0;12,0;1,0;Percept;1;48,0260000229;-0,978999972343;-1,0
EBK1991m;blink;2017-01-23-12-14-49;8,0;13,0;0,0;Trajectory limit;1;48,0680000782;-0,996000051498;1,0
EBK1991m;blink;2017-01-23-12-14-49;8,0;13,0;0,0;Reverse rotation;;48,0760002136;-0,996000051498;1,0
EBK1991m;blink;2017-01-23-12-14-49;8,0;13,0;0,0;Percept;-1;48,7670001984;-0,650000095367;1,0
EBK1991m;blink;2017-01-23-12-14-49;8,0;14,0;1,0;Trajectory limit;-1;52,0670001507;1,0039999485;-1,0
EBK1991m;blink;2017-01-23-12-14-49;8,0;14,0;1,0;Reverse rotation;;52,0750000477;1,0039999485;-1,0
EBK1991m;blink;2017-01-23-12-14-49;8,0;14,0;1,0;Percept;1;52,6670000553;0,707999944687;-1,0
EBK1991m;blink;2017-01-23-12-14-49;8,0;14,0;1,0;Sound;1.0;53,2760000229;0,399500012398;-1,0
EBK1991m;blink;2017-01-23-12-14-49;8,0;14,0;1,0;Percept;1;55,9590001106;-0,9375;-1,0
EBK1991m;blink;2017-01-23-12-14-49;8,0;15,0;1,5;Trajectory limit;1;56,0840001106;-0,995499968529;1,0
EBK1991m;blink;2017-01-23-12-14-49;8,0;15,0;1,5;Reverse rotation;;56,0920000076;-0,995499968529;1,0
EBK1991m;blink;2017-01-23-12-14-49;8,0;15,0;1,5;Sound;1.5;56,7750000954;-0,649999976158;1,0
EBK1991m;blink;2017-01-23-12-14-49;8,0;15,0;1,5;Percept;-1;56,859000206;-0,612499952316;1,0
EBK1991m;blink;2017-01-23-12-14-49;8,0;15,0;1,5;Percept;-1;59,6670000553;0,792000055313;1,0
EBK1991m;blink;2017-01-23-12-14-49;8,0;16,0;0,0;Trajectory limit;-1;60,0840001106;1,00450003147;-1,0
EBK1991m;blink;2017-01-23-12-14-49;8,0;16,0;0,0;Reverse rotation;;60,0920000076;1,00450003147;-1,0
EBK1991m;blink;2017-01-23-12-14-49;8,0;16,0;0,0;Percept;1;60,5;0,800500035286;-1,0
EBK1991m;blink;2017-01-23-12-14-49;8,0;17,0;1,5;Trajectory limit;1;64,1010000706;-0,996000051498;1,0
EBK1991m;blink;2017-01-23-12-14-49;8,0;17,0;1,5;Reverse rotation;;64,109000206;-0,996000051498;1,0
EBK1991m;blink;2017-01-23-12-14-49;8,0;17,0;1,5;Sound;1.5;64,7930002213;-0,649999976158;1,0
EBK1991m;blink;2017-01-23-12-14-49;8,0;17,0;1,5;Percept;-1;65,0260000229;-0,537500023842;1,0
EBK1991m;blink;2017-01-23-12-14-49;8,0;18,0;1,5;Trajectory limit;-1;68,1010000706;1,0039999485;-1,0
EBK1991m;blink;2017-01-23-12-14-49;8,0;18,0;1,5;Reverse rotation;;68,109000206;1,0039999485;-1,0
EBK1991m;blink;2017-01-23-12-14-49;8,0;18,0;1,5;Percept;-1;68,7010002136;0,707999944687;-1,0
EBK1991m;blink;2017-01-23-12-14-49;8,0;18,0;1,5;Sound;1.5;68,8090000153;0,649999976158;-1,0
EBK1991m;blink;2017-01-23-12-14-49;8,0;18,0;1,5;Percept;1;69,2590000629;0,428999900818;-1,0
EBK1991m;blink;2017-01-23-12-14-49;8,0;18,0;1,5;Percept;1;71,6920001507;-0,787500023842;-1,0
EBK1991m;blink;2017-01-23-12-14-49;8,0;19,0;0,0;Trajectory limit;1;72,109000206;-0,999999880791;1,0
EBK1991m;blink;2017-01-23-12-14-49;8,0;19,0;0,0;Reverse rotation;;72,117000103;-0,999999880791;1,0
EBK1991m;blink;2017-01-23-12-14-49;8,0;19,0;0,0;Percept;-1;72,5590000153;-0,77899992466;1,0
EBK1991m;blink;2017-01-23-12-14-49;8,0;20,0;1,0;Trajectory limit;-1;76,109000206;1,00000011921;-1,0
EBK1991m;blink;2017-01-23-12-14-49;8,0;20,0;1,0;Reverse rotation;;76,117000103;1,00000011921;-1,0
EBK1991m;blink;2017-01-23-12-14-49;8,0;20,0;1,0;Percept;1;76,9670000076;0,575000166893;-1,0
EBK1991m;blink;2017-01-23-12-14-49;8,0;20,0;1,0;Sound;1.0;77,3170001507;0,396000146866;-1,0
EBK1991m;blink;2017-01-23-12-14-49;8,0;20,0;1,0;Percept;1;79,8170001507;-0,849999785423;-1,0
EBK1991m;blink;2017-01-23-12-14-49;8,0;21,0;1,5;Trajectory limit;1;80,117000103;-0,996000170708;1,0
EBK1991m;blink;2017-01-23-12-14-49;8,0;21,0;1,5;Reverse rotation;;80,125;-0,996000170708;1,0
EBK1991m;blink;2017-01-23-12-14-49;8,0;21,0;1,5;Percept;-1;80,617000103;-0,750000119209;1,0
EBK1991m;blink;2017-01-23-12-14-49;8,0;21,0;1,5;Sound;1.5;80,8170001507;-0,646000146866;1,0
EBK1991m;blink;2017-01-23-12-14-49;8,0;21,0;1,5;Percept;1;83,8350000381;0,858499884605;1,0
EBK1991m;blink;2017-01-23-12-14-49;8,0;22,0;0,0;Trajectory limit;-1;84,1100001335;1,00049984455;-1,0
EBK1991m;blink;2017-01-23-12-14-49;8,0;22,0;0,0;Reverse rotation;;84,1180000305;1,00049984455;-1,0
EBK1991m;blink;2017-01-23-12-14-49;8,0;22,0;0,0;Percept;1;85,7180001736;0,200499892235;-1,0
EBK1991m;blink;2017-01-23-12-14-49;8,0;23,0;1,5;Trajectory limit;1;88,1180000305;-0,996499896049;1,0
EBK1991m;blink;2017-01-23-12-14-49;8,0;23,0;1,5;Reverse rotation;;88,1260001659;-0,996499896049;1,0
EBK1991m;blink;2017-01-23-12-14-49;8,0;23,0;1,5;Sound;1.5;88,8180000782;-0,646499872208;1,0
EBK1991m;blink;2017-01-23-12-14-49;8,0;23,0;1,5;Percept;-1;89,0180001259;-0,550499916077;1,0
EBK1991m;blink;2017-01-23-12-14-49;8,0;24,0;1,0;Trajectory limit;-1;92,1180000305;1,00350010395;-1,0
EBK1991m;blink;2017-01-23-12-14-49;8,0;24,0;1,0;Reverse rotation;;92,1260001659;1,00350010395;-1,0
EBK1991m;blink;2017-01-23-12-14-49;8,0;24,0;1,0;Percept;-1;92,2840001583;0,924500107765;-1,0
EBK1991m;blink;2017-01-23-12-14-49;8,0;24,0;1,0;Percept;1;92,9010000229;0,616000056267;-1,0
EBK1991m;blink;2017-01-23-12-14-49;8,0;24,0;1,0;Sound;1.0;93,3260002136;0,399500012398;-1,0
EBK1991m;blink;2017-01-23-12-14-49;8,0;24,0;1,0;Percept;1;95,9760000706;-0,921499967575;-1,0
EBK1991m;blink;2017-01-23-12-14-49;8,0;24,0;1,0;Block end;;96,0010001659;-0,933999896049;-1,0
