Observer;SessionID;Block;Trial;Blink;Event;Value;Time;RelativeLocation;Direction;Condition
SKL94w;2017-01-18-11-52-36;1;1;0;Block start;;1484737166,88;-1;1;blink
SKL94w;2017-01-18-11-52-36;1;1;0;Percept;-1;1,46000003815;-0,277499914169;1;blink
SKL94w;2017-01-18-11-52-36;1;2;1;Trajectory limit;-1;4,0110001564;1,00200009346;-1;blink
SKL94w;2017-01-18-11-52-36;1;2;1;Reverse rotation;;4,01900005341;1,00200009346;-1;blink
SKL94w;2017-01-18-11-52-36;1;2;1;Percept;1;4,86899995804;0,577000141144;-1;blink
SKL94w;2017-01-18-11-52-36;1;2;1;Sound;1.0;5,22000002861;0,397500157356;-1;blink
SKL94w;2017-01-18-11-52-36;1;3;1;Trajectory limit;1;8,01999998093;-0,997500181198;1;blink
SKL94w;2017-01-18-11-52-36;1;3;1;Reverse rotation;;8,02700018883;-0,997500181198;1;blink
SKL94w;2017-01-18-11-52-36;1;3;1;Percept;1;8,16200017929;-0,930500149727;1;blink
SKL94w;2017-01-18-11-52-36;1;3;1;Percept;-1;8,83599996567;-0,593500137329;1;blink
SKL94w;2017-01-18-11-52-36;1;3;1;Sound;1.0;9,21900010109;-0,398000121117;1;blink
SKL94w;2017-01-18-11-52-36;1;3;1;Percept;-1;11,6440000534;0,81049990654;1;blink
SKL94w;2017-01-18-11-52-36;1;4;0;Trajectory limit;-1;12,0199999809;1,00199985504;-1;blink
SKL94w;2017-01-18-11-52-36;1;4;0;Reverse rotation;;12,0270001888;1,00199985504;-1;blink
SKL94w;2017-01-18-11-52-36;1;4;0;Percept;1;12,8280000687;0,601999878883;-1;blink
SKL94w;2017-01-18-11-52-36;1;5;1;Trajectory limit;1;16,0280001163;-0,99749982357;1;blink
SKL94w;2017-01-18-11-52-36;1;5;1;Reverse rotation;;16,0350000858;-0,99749982357;1;blink
SKL94w;2017-01-18-11-52-36;1;5;1;Percept;-1;16,7690000534;-0,630999803543;1;blink
SKL94w;2017-01-18-11-52-36;1;5;1;Sound;1.0;17,228000164;-0,397499799728;1;blink
SKL94w;2017-01-18-11-52-36;1;5;1;Percept;1;19,4360001087;0,702000141144;1;blink
SKL94w;2017-01-18-11-52-36;1;6;1,5;Trajectory limit;-1;20,0270001888;1,00200021267;-1;blink
SKL94w;2017-01-18-11-52-36;1;6;1,5;Reverse rotation;;20,0350000858;1,00200021267;-1;blink
SKL94w;2017-01-18-11-52-36;1;6;1,5;Sound;1.5;20,7369999886;0,647000312805;-1;blink
SKL94w;2017-01-18-11-52-36;1;6;1,5;Percept;-1;23,5199999809;-0,740499734879;-1;blink
SKL94w;2017-01-18-11-52-36;1;7;0;Trajectory limit;1;24,0370001793;-0,997000217438;1;blink
SKL94w;2017-01-18-11-52-36;1;7;0;Reverse rotation;;24,0440001488;-0,997000217438;1;blink
SKL94w;2017-01-18-11-52-36;1;7;0;Percept;1;24,7109999657;-0,664000272751;1;blink
SKL94w;2017-01-18-11-52-36;1;8;1,5;Trajectory limit;-1;28,0370001793;1,00249969959;-1;blink
SKL94w;2017-01-18-11-52-36;1;8;1,5;Reverse rotation;;28,0440001488;1,00249969959;-1;blink
SKL94w;2017-01-18-11-52-36;1;8;1,5;Sound;1.5;28,745000124;0,647999644279;-1;blink
SKL94w;2017-01-18-11-52-36;1;8;1,5;Percept;1;28,9450001717;0,551999688148;-1;blink
SKL94w;2017-01-18-11-52-36;1;8;1,5;Percept;-1;31,5190000534;-0,735000371933;-1;blink
SKL94w;2017-01-18-11-52-36;1;9;1;Trajectory limit;1;32,0450000763;-0,997999668121;1;blink
SKL94w;2017-01-18-11-52-36;1;9;1;Reverse rotation;;32,0520000458;-0,997999668121;1;blink
SKL94w;2017-01-18-11-52-36;1;9;1;Sound;1.0;33,245000124;-0,397999644279;1;blink
SKL94w;2017-01-18-11-52-36;1;9;1;Percept;1;35,728000164;0,839500308037;1;blink
SKL94w;2017-01-18-11-52-36;1;10;0;Trajectory limit;-1;36,0450000763;1,00150036812;-1;blink
SKL94w;2017-01-18-11-52-36;1;10;0;Reverse rotation;;36,0520000458;1,00150036812;-1;blink
SKL94w;2017-01-18-11-52-36;1;11;1,5;Trajectory limit;1;40,0540001392;-0,996500372887;1;blink
SKL94w;2017-01-18-11-52-36;1;11;1,5;Reverse rotation;;40,0610001087;-0,996500372887;1;blink
SKL94w;2017-01-18-11-52-36;1;11;1,5;Sound;1.5;40,7540001869;-0,647000432014;1;blink
SKL94w;2017-01-18-11-52-36;1;11;1,5;Percept;-1;41,0370001793;-0,509500384331;1;blink
SKL94w;2017-01-18-11-52-36;1;11;1,5;Percept;1;43,6449999809;0,794999599457;1;blink
SKL94w;2017-01-18-11-52-36;1;12;1,5;Trajectory limit;-1;44,0540001392;1,00349962711;-1;blink
SKL94w;2017-01-18-11-52-36;1;12;1,5;Reverse rotation;;44,0610001087;1,00349962711;-1;blink
SKL94w;2017-01-18-11-52-36;1;12;1,5;Sound;1.5;44,7620000839;0,64949965477;-1;blink
SKL94w;2017-01-18-11-52-36;1;12;1,5;Percept;-1;47,4869999886;-0,709000349045;-1;blink
SKL94w;2017-01-18-11-52-36;1;13;0;Trajectory limit;1;48,0620000362;-0,999499678612;1;blink
SKL94w;2017-01-18-11-52-36;1;13;0;Reverse rotation;;48,0690000057;-0,999499678612;1;blink
SKL94w;2017-01-18-11-52-36;1;14;1;Trajectory limit;-1;52,0620000362;1,00050032139;-1;blink
SKL94w;2017-01-18-11-52-36;1;14;1;Reverse rotation;;52,0700001717;1,00050032139;-1;blink
SKL94w;2017-01-18-11-52-36;1;14;1;Percept;1;52,878000021;0,596500277519;-1;blink
SKL94w;2017-01-18-11-52-36;1;14;1;Sound;1.0;53,2699999809;0,396500349045;-1;blink
SKL94w;2017-01-18-11-52-36;1;14;1;Percept;-1;55,9790000916;-0,953999638557;-1;blink
SKL94w;2017-01-18-11-52-36;1;15;1,5;Trajectory limit;1;56,0710000992;-0,996000289917;1;blink
SKL94w;2017-01-18-11-52-36;1;15;1,5;Reverse rotation;;56,0789999962;-0,996000289917;1;blink
SKL94w;2017-01-18-11-52-36;1;15;1,5;Sound;1.5;56,7710001469;-0,646000266075;1;blink
SKL94w;2017-01-18-11-52-36;1;15;1,5;Percept;1;59,5370001793;0,732999682426;1;blink
SKL94w;2017-01-18-11-52-36;1;16;0;Trajectory limit;-1;60,0710000992;1,00399971008;-1;blink
SKL94w;2017-01-18-11-52-36;1;16;0;Reverse rotation;;60,0780000687;1,00399971008;-1;blink
SKL94w;2017-01-18-11-52-36;1;17;1,5;Trajectory limit;1;64,0789999962;-0,999999761581;1;blink
SKL94w;2017-01-18-11-52-36;1;17;1,5;Reverse rotation;;64,0859999657;-0,999999761581;1;blink
SKL94w;2017-01-18-11-52-36;1;17;1,5;Sound;1.5;64,7790000439;-0,64999973774;1;blink
SKL94w;2017-01-18-11-52-36;1;17;1,5;Percept;-1;65,0620000362;-0,512499690056;1;blink
SKL94w;2017-01-18-11-52-36;1;17;1,5;Percept;1;67,5540001392;0,733000278473;1;blink
SKL94w;2017-01-18-11-52-36;1;18;1,5;Trajectory limit;-1;68,0789999962;1,00000023842;-1;blink
SKL94w;2017-01-18-11-52-36;1;18;1,5;Reverse rotation;;68,0859999657;1,00000023842;-1;blink
SKL94w;2017-01-18-11-52-36;1;18;1,5;Sound;1.5;68,7870001793;0,646000146866;-1;blink
SKL94w;2017-01-18-11-52-36;1;18;1,5;Percept;-1;71,728000164;-0,820499777794;-1;blink
SKL94w;2017-01-18-11-52-36;1;19;0;Trajectory limit;1;72,0870001316;-0,996000170708;1;blink
SKL94w;2017-01-18-11-52-36;1;19;0;Reverse rotation;;72,0940001011;-0,996000170708;1;blink
SKL94w;2017-01-18-11-52-36;1;20;1,5;Trajectory limit;-1;76,0880000591;1,00449979305;-1;blink
SKL94w;2017-01-18-11-52-36;1;20;1,5;Reverse rotation;;76,0950000286;1,00449979305;-1;blink
SKL94w;2017-01-18-11-52-36;1;20;1,5;Percept;1;76,6210000515;0,741999745369;-1;blink
SKL94w;2017-01-18-11-52-36;1;20;1,5;Sound;1.5;76,8040001392;0,646499752998;-1;blink
SKL94w;2017-01-18-11-52-36;1;20;1,5;Percept;-1;79,7130000591;-0,803500175476;-1;blink
SKL94w;2017-01-18-11-52-36;1;21;1;Trajectory limit;1;80,1040000916;-0,99649977684;1;blink
SKL94w;2017-01-18-11-52-36;1;21;1;Reverse rotation;;80,1119999886;-0,99649977684;1;blink
SKL94w;2017-01-18-11-52-36;1;21;1;Sound;1.0;81,3040001392;-0,396499752998;1;blink
SKL94w;2017-01-18-11-52-36;1;21;1;Percept;1;83,6870000362;0,791000247002;1;blink
SKL94w;2017-01-18-11-52-36;1;22;0;Trajectory limit;-1;84,1040000916;1,00350022316;-1;blink
SKL94w;2017-01-18-11-52-36;1;22;0;Reverse rotation;;84,1119999886;1,00350022316;-1;blink
SKL94w;2017-01-18-11-52-36;1;23;1;Trajectory limit;1;88,1119999886;-0,999500274658;1;blink
SKL94w;2017-01-18-11-52-36;1;23;1;Reverse rotation;;88,120000124;-0,999500274658;1;blink
SKL94w;2017-01-18-11-52-36;1;23;1;Sound;1.0;89,3120000362;-0,399500250816;1;blink
SKL94w;2017-01-18-11-52-36;1;23;1;Percept;1;91,5299999714;0,704999804497;1;blink
SKL94w;2017-01-18-11-52-36;1;24;1;Trajectory limit;-1;92,1130001545;1,00099980831;-1;blink
SKL94w;2017-01-18-11-52-36;1;24;1;Reverse rotation;;92,1210000515;1,00099980831;-1;blink
SKL94w;2017-01-18-11-52-36;1;24;1;Sound;1.0;93,3210000992;0,396999835968;-1;blink
SKL94w;2017-01-18-11-52-36;1;24;1;Percept;1;95,8800001144;-0,878500103951;-1;blink
SKL94w;2017-01-18-11-52-36;1;24;1;Block end;;96,0040001869;-0,94050014019;-1;blink
SKL94w;2017-01-18-11-52-36;2;1;0;Block start;;1484737356,47;-1;1;blink
SKL94w;2017-01-18-11-52-36;2;1;0;Percept;-1;0,825999975204;-0,59500002861;1;blink
SKL94w;2017-01-18-11-52-36;2;2;1;Trajectory limit;-1;4,00999999046;1,00099992752;-1;blink
SKL94w;2017-01-18-11-52-36;2;2;1;Reverse rotation;;4,01699995995;1,00099992752;-1;blink
SKL94w;2017-01-18-11-52-36;2;2;1;Percept;1;4,71799993515;0,650999903679;-1;blink
SKL94w;2017-01-18-11-52-36;2;2;1;Sound;1.0;5,21799993515;0,396999955177;-1;blink
SKL94w;2017-01-18-11-52-36;2;2;1;Percept;1;8,00999999046;-0,995000123978;-1;blink
SKL94w;2017-01-18-11-52-36;2;3;1;Trajectory limit;1;8,02399992943;-0,993999958038;1;blink
SKL94w;2017-01-18-11-52-36;2;3;1;Reverse rotation;;8,03100013733;-0,993999958038;1;blink
SKL94w;2017-01-18-11-52-36;2;3;1;Sound;1.0;9,21900010109;-0,396499872208;1;blink
SKL94w;2017-01-18-11-52-36;2;3;1;Percept;1;11,5770001411;0,778500080109;1;blink
SKL94w;2017-01-18-11-52-36;2;4;0;Trajectory limit;-1;12,0190000534;1,00300014019;-1;blink
SKL94w;2017-01-18-11-52-36;2;4;0;Reverse rotation;;12,0260000229;1,00300014019;-1;blink
SKL94w;2017-01-18-11-52-36;2;5;1;Trajectory limit;1;16,0269999504;-0,998500227928;1;blink
SKL94w;2017-01-18-11-52-36;2;5;1;Reverse rotation;;16,0350000858;-0,998500227928;1;blink
SKL94w;2017-01-18-11-52-36;2;5;1;Percept;-1;16,8350000381;-0,598500132561;1;blink
SKL94w;2017-01-18-11-52-36;2;5;1;Sound;1.0;17,2269999981;-0,398500204086;1;blink
SKL94w;2017-01-18-11-52-36;2;5;1;Percept;1;19,7009999752;0,834499835968;1;blink
SKL94w;2017-01-18-11-52-36;2;6;1,5;Trajectory limit;-1;20,0269999504;1,00099980831;-1;blink
SKL94w;2017-01-18-11-52-36;2;6;1,5;Reverse rotation;;20,0339999199;1,00099980831;-1;blink
SKL94w;2017-01-18-11-52-36;2;6;1,5;Sound;1.5;20,7350001335;0,646499752998;-1;blink
SKL94w;2017-01-18-11-52-36;2;6;1,5;Percept;1;23,736000061;-0,850000143051;-1;blink
SKL94w;2017-01-18-11-52-36;2;7;0;Trajectory limit;1;24,0280001163;-0,999999761581;1;blink
SKL94w;2017-01-18-11-52-36;2;7;0;Reverse rotation;;24,0350000858;-0,999999761581;1;blink
SKL94w;2017-01-18-11-52-36;2;8;1,5;Trajectory limit;-1;28,0360000134;1,00400018692;-1;blink
SKL94w;2017-01-18-11-52-36;2;8;1,5;Reverse rotation;;28,0429999828;1,00400018692;-1;blink
SKL94w;2017-01-18-11-52-36;2;8;1,5;Sound;1.5;28,7520000935;0,646000146866;-1;blink
SKL94w;2017-01-18-11-52-36;2;8;1,5;Percept;1;28,8770000935;0,587500214577;-1;blink
SKL94w;2017-01-18-11-52-36;2;8;1,5;Percept;1;31,7690000534;-0,857999801636;-1;blink
SKL94w;2017-01-18-11-52-36;2;9;1;Trajectory limit;1;32,0520000458;-0,996000170708;1;blink
SKL94w;2017-01-18-11-52-36;2;9;1;Reverse rotation;;32,0590000153;-0,996000170708;1;blink
SKL94w;2017-01-18-11-52-36;2;9;1;Percept;-1;32,7680001259;-0,642000198364;1;blink
SKL94w;2017-01-18-11-52-36;2;9;1;Sound;1.0;33,2520000935;-0,396000146866;1;blink
SKL94w;2017-01-18-11-52-36;2;9;1;Percept;1;35,5190000534;0,732999801636;1;blink
SKL94w;2017-01-18-11-52-36;2;10;0;Trajectory limit;-1;36,0520000458;1,00399982929;-1;blink
SKL94w;2017-01-18-11-52-36;2;10;0;Reverse rotation;;36,0590000153;1,00399982929;-1;blink
SKL94w;2017-01-18-11-52-36;2;11;1,5;Trajectory limit;1;40,0610001087;-0,999499797821;1;blink
SKL94w;2017-01-18-11-52-36;2;11;1,5;Reverse rotation;;40,0680000782;-0,999499797821;1;blink
SKL94w;2017-01-18-11-52-36;2;11;1,5;Sound;1.5;40,760999918;-0,649499893188;1;blink
SKL94w;2017-01-18-11-52-36;2;11;1,5;Percept;-1;40,9360001087;-0,565999865532;1;blink
SKL94w;2017-01-18-11-52-36;2;11;1,5;Percept;1;43,5439999104;0,738000154495;1;blink
SKL94w;2017-01-18-11-52-36;2;12;1,5;Trajectory limit;-1;44,0610001087;1,00050020218;-1;blink
SKL94w;2017-01-18-11-52-36;2;12;1,5;Reverse rotation;;44,0680000782;1,00050020218;-1;blink
SKL94w;2017-01-18-11-52-36;2;12;1,5;Sound;1.5;44,7690000534;0,646500229836;-1;blink
SKL94w;2017-01-18-11-52-36;2;12;1,5;Percept;1;47,618999958;-0,774499773979;-1;blink
SKL94w;2017-01-18-11-52-36;2;13;0;Trajectory limit;1;48,0690000057;-0,996500253677;1;blink
SKL94w;2017-01-18-11-52-36;2;13;0;Reverse rotation;;48,0770001411;-0,996500253677;1;blink
SKL94w;2017-01-18-11-52-36;2;13;0;Percept;-1;49,111000061;-0,479500293732;1;blink
SKL94w;2017-01-18-11-52-36;2;14;1;Trajectory limit;-1;52,0690000057;1,00349974632;-1;blink
SKL94w;2017-01-18-11-52-36;2;14;1;Reverse rotation;;52,0770001411;1,00349974632;-1;blink
SKL94w;2017-01-18-11-52-36;2;14;1;Percept;1;52,4690001011;0,80749976635;-1;blink
SKL94w;2017-01-18-11-52-36;2;14;1;Sound;1.0;53,2780001163;0,39899969101;-1;blink
SKL94w;2017-01-18-11-52-36;2;14;1;Percept;1;55,9019999504;-0,909000277519;-1;blink
SKL94w;2017-01-18-11-52-36;2;15;1,5;Trajectory limit;1;56,0780000687;-0,998999714851;1;blink
SKL94w;2017-01-18-11-52-36;2;15;1,5;Reverse rotation;;56,0850000381;-0,998999714851;1;blink
SKL94w;2017-01-18-11-52-36;2;15;1,5;Sound;1.5;56,7769999504;-0,649499773979;1;blink
SKL94w;2017-01-18-11-52-36;2;15;1,5;Percept;1;59,8110001087;0,863500237465;1;blink
SKL94w;2017-01-18-11-52-36;2;16;0;Trajectory limit;-1;60,0780000687;1,00100028515;-1;blink
SKL94w;2017-01-18-11-52-36;2;16;0;Reverse rotation;;60,0859999657;1,00100028515;-1;blink
SKL94w;2017-01-18-11-52-36;2;17;1,5;Trajectory limit;1;64,0859999657;-0,997000336647;1;blink
SKL94w;2017-01-18-11-52-36;2;17;1,5;Reverse rotation;;64,0940001011;-0,997000336647;1;blink
SKL94w;2017-01-18-11-52-36;2;17;1,5;Percept;-1;64,6610000134;-0,713500261307;1;blink
SKL94w;2017-01-18-11-52-36;2;17;1,5;Sound;1.5;64,7860000134;-0,647000312805;1;blink
SKL94w;2017-01-18-11-52-36;2;17;1,5;Percept;1;67,9609999657;0,936499714851;1;blink
SKL94w;2017-01-18-11-52-36;2;18;1,5;Trajectory limit;-1;68,0859999657;1,00299966335;-1;blink
SKL94w;2017-01-18-11-52-36;2;18;1,5;Reverse rotation;;68,0940001011;1,00299966335;-1;blink
SKL94w;2017-01-18-11-52-36;2;18;1,5;Sound;1.5;68,7950000763;0,64849960804;-1;blink
SKL94w;2017-01-18-11-52-36;2;18;1,5;Percept;-1;68,8069999218;0,64849960804;-1;blink
SKL94w;2017-01-18-11-52-36;2;18;1,5;Percept;1;71,743999958;-0,822000384331;-1;blink
SKL94w;2017-01-18-11-52-36;2;19;0;Trajectory limit;1;72,0940001011;-0,998999595642;1;blink
SKL94w;2017-01-18-11-52-36;2;19;0;Reverse rotation;;72,1019999981;-0,998999595642;1;blink
SKL94w;2017-01-18-11-52-36;2;19;0;Percept;-1;73,111000061;-0,49449968338;1;blink
SKL94w;2017-01-18-11-52-36;2;20;1,5;Trajectory limit;-1;76,0950000286;1,00150036812;-1;blink
SKL94w;2017-01-18-11-52-36;2;20;1,5;Reverse rotation;;76,1029999256;1,00150036812;-1;blink
SKL94w;2017-01-18-11-52-36;2;20;1,5;Percept;1;76,6029999256;0,751000404358;-1;blink
SKL94w;2017-01-18-11-52-36;2;20;1,5;Sound;1.5;76,8040001392;0,647000312805;-1;blink
SKL94w;2017-01-18-11-52-36;2;20;1,5;Percept;1;79,6779999733;-0,785999655724;-1;blink
SKL94w;2017-01-18-11-52-36;2;21;1;Trajectory limit;1;80,1029999256;-0,997500419617;1;blink
SKL94w;2017-01-18-11-52-36;2;21;1;Reverse rotation;;80,111000061;-0,997500419617;1;blink
SKL94w;2017-01-18-11-52-36;2;21;1;Percept;-1;81,0450000763;-0,530500411987;1;blink
SKL94w;2017-01-18-11-52-36;2;21;1;Sound;1.0;81,3040001392;-0,397500395775;1;blink
SKL94w;2017-01-18-11-52-36;2;21;1;Percept;1;83,6370000839;0,764999628067;1;blink
SKL94w;2017-01-18-11-52-36;2;22;0;Trajectory limit;-1;84,1040000916;1,00249958038;-1;blink
SKL94w;2017-01-18-11-52-36;2;22;0;Reverse rotation;;84,111000061;1,00249958038;-1;blink
SKL94w;2017-01-18-11-52-36;2;23;1;Trajectory limit;1;88,1119999886;-0,998499512672;1;blink
SKL94w;2017-01-18-11-52-36;2;23;1;Reverse rotation;;88,118999958;-0,998499512672;1;blink
SKL94w;2017-01-18-11-52-36;2;23;1;Percept;-1;88,7190001011;-0,698499560356;1;blink
SKL94w;2017-01-18-11-52-36;2;23;1;Sound;1.0;89,3110001087;-0,398499488831;1;blink
SKL94w;2017-01-18-11-52-36;2;23;1;Percept;1;91,7780001163;0,831000447273;1;blink
SKL94w;2017-01-18-11-52-36;2;24;1;Trajectory limit;-1;92,111000061;1,00150048733;-1;blink
SKL94w;2017-01-18-11-52-36;2;24;1;Reverse rotation;;92,1180000305;1,00150048733;-1;blink
SKL94w;2017-01-18-11-52-36;2;24;1;Sound;1.0;93,3199999332;0,397000551224;-1;blink
SKL94w;2017-01-18-11-52-36;2;24;1;Percept;-1;95,3540000916;-0,61599946022;-1;blink
SKL94w;2017-01-18-11-52-36;2;24;1;Block end;;96,0039999485;-0,940499544144;-1;blink
SKL94w;2017-01-18-11-52-36;3;1;0;Block start;;1484737516,99;-1;1;blink
SKL94w;2017-01-18-11-52-36;3;1;0;Percept;-1;0,821000099182;-0,597000002861;1;blink
SKL94w;2017-01-18-11-52-36;3;2;1;Trajectory limit;-1;4,01300001144;1,00300002098;-1;blink
SKL94w;2017-01-18-11-52-36;3;2;1;Reverse rotation;;4,02100014687;1,00300002098;-1;blink
SKL94w;2017-01-18-11-52-36;3;2;1;Percept;1;4,65499997139;0,68599998951;-1;blink
SKL94w;2017-01-18-11-52-36;3;2;1;Sound;1.0;5,22200012207;0,398499965668;-1;blink
SKL94w;2017-01-18-11-52-36;3;2;1;Percept;1;7,76300001144;-0,868000030518;-1;blink
SKL94w;2017-01-18-11-52-36;3;3;1;Trajectory limit;1;8,02200007439;-0,99849998951;1;blink
SKL94w;2017-01-18-11-52-36;3;3;1;Reverse rotation;;8,02900004387;-0,99849998951;1;blink
SKL94w;2017-01-18-11-52-36;3;3;1;Percept;-1;8,95500016212;-0,536000013351;1;blink
SKL94w;2017-01-18-11-52-36;3;3;1;Sound;1.0;9,22200012207;-0,398499965668;1;blink
SKL94w;2017-01-18-11-52-36;3;3;1;Percept;1;11,4630000591;0,718000054359;1;blink
SKL94w;2017-01-18-11-52-36;3;4;0;Trajectory limit;-1;12,0220000744;1,00100004673;-1;blink
SKL94w;2017-01-18-11-52-36;3;4;0;Reverse rotation;;12,0290000439;1,00100004673;-1;blink
SKL94w;2017-01-18-11-52-36;3;5;1;Trajectory limit;1;16,0299999714;-0,996500134468;1;blink
SKL94w;2017-01-18-11-52-36;3;5;1;Reverse rotation;;16,0370001793;-0,996500134468;1;blink
SKL94w;2017-01-18-11-52-36;3;5;1;Percept;-1;16,4960000515;-0,767500042915;1;blink
SKL94w;2017-01-18-11-52-36;3;5;1;Sound;1.0;17,2300000191;-0,396500110626;1;blink
SKL94w;2017-01-18-11-52-36;3;5;1;Percept;1;19,3630001545;0,665999889374;1;blink
SKL94w;2017-01-18-11-52-36;3;6;1,5;Trajectory limit;-1;20,0299999714;1,00349986553;-1;blink
SKL94w;2017-01-18-11-52-36;3;6;1,5;Reverse rotation;;20,0370001793;1,00349986553;-1;blink
SKL94w;2017-01-18-11-52-36;3;6;1,5;Sound;1.5;20,739000082;0,648999810219;-1;blink
SKL94w;2017-01-18-11-52-36;3;6;1,5;Percept;1;23,5550000668;-0,75500023365;-1;blink
SKL94w;2017-01-18-11-52-36;3;7;0;Trajectory limit;1;24,0380001068;-0,999499797821;1;blink
SKL94w;2017-01-18-11-52-36;3;7;0;Reverse rotation;;24,0460000038;-0,999499797821;1;blink
SKL94w;2017-01-18-11-52-36;3;7;0;Percept;-1;24,6960000992;-0,674499869347;1;blink
SKL94w;2017-01-18-11-52-36;3;8;1,5;Trajectory limit;-1;28,0390000343;1,00100016594;-1;blink
SKL94w;2017-01-18-11-52-36;3;8;1,5;Reverse rotation;;28,0460000038;1,00100016594;-1;blink
SKL94w;2017-01-18-11-52-36;3;8;1,5;Percept;1;28,4630000591;0,793000102043;-1;blink
SKL94w;2017-01-18-11-52-36;3;8;1,5;Sound;1.5;28,746999979;0,647000193596;-1;blink
SKL94w;2017-01-18-11-52-36;3;8;1,5;Percept;1;31,4379999638;-0,694499850273;-1;blink
SKL94w;2017-01-18-11-52-36;3;9;1;Trajectory limit;1;32,0470001698;-0,997000098228;1;blink
SKL94w;2017-01-18-11-52-36;3;9;1;Reverse rotation;;32,0540001392;-0,997000098228;1;blink
SKL94w;2017-01-18-11-52-36;3;9;1;Percept;-1;33,1050000191;-0,47200012207;1;blink
SKL94w;2017-01-18-11-52-36;3;9;1;Sound;1.0;33,246999979;-0,397000193596;1;blink
SKL94w;2017-01-18-11-52-36;3;9;1;Percept;1;35,6210000515;0,785999894142;1;blink
SKL94w;2017-01-18-11-52-36;3;10;0;Trajectory limit;-1;36,0470001698;1,0024998188;-1;blink
SKL94w;2017-01-18-11-52-36;3;10;0;Reverse rotation;;36,0540001392;1,0024998188;-1;blink
SKL94w;2017-01-18-11-52-36;3;11;1,5;Trajectory limit;1;40,0559999943;-0,99749982357;1;blink
SKL94w;2017-01-18-11-52-36;3;11;1,5;Reverse rotation;;40,0629999638;-0,99749982357;1;blink
SKL94w;2017-01-18-11-52-36;3;11;1,5;Percept;-1;40,5970001221;-0,730999827385;1;blink
SKL94w;2017-01-18-11-52-36;3;11;1,5;Sound;1.5;40,7550001144;-0,647999763489;1;blink
SKL94w;2017-01-18-11-52-36;3;11;1,5;Percept;1;43,6300001144;0,7855001688;1;blink
SKL94w;2017-01-18-11-52-36;3;12;1,5;Trajectory limit;-1;44,0550000668;1,00200021267;-1;blink
SKL94w;2017-01-18-11-52-36;3;12;1,5;Reverse rotation;;44,0629999638;1,00200021267;-1;blink
SKL94w;2017-01-18-11-52-36;3;12;1,5;Sound;1.5;44,7640001774;0,648000240326;-1;blink
SKL94w;2017-01-18-11-52-36;3;12;1,5;Percept;1;47,6800000668;-0,806499838829;-1;blink
SKL94w;2017-01-18-11-52-36;3;13;0;Trajectory limit;1;48,0640001297;-0,997500181198;1;blink
SKL94w;2017-01-18-11-52-36;3;13;0;Reverse rotation;;48,0720000267;-0,997500181198;1;blink
SKL94w;2017-01-18-11-52-36;3;13;0;Percept;-1;49,1630001068;-0,452000260353;1;blink
SKL94w;2017-01-18-11-52-36;3;14;1;Trajectory limit;-1;52,0629999638;1,00199973583;-1;blink
SKL94w;2017-01-18-11-52-36;3;14;1;Reverse rotation;;52,0710000992;1,00199973583;-1;blink
SKL94w;2017-01-18-11-52-36;3;14;1;Percept;1;52,7380001545;0,668499708176;-1;blink
SKL94w;2017-01-18-11-52-36;3;14;1;Sound;1.0;53,2720000744;0,397499680519;-1;blink
SKL94w;2017-01-18-11-52-36;3;14;1;Percept;1;55,6730000973;-0,798500299454;-1;blink
SKL94w;2017-01-18-11-52-36;3;15;1,5;Trajectory limit;1;56,0720000267;-0,997499704361;1;blink
SKL94w;2017-01-18-11-52-36;3;15;1,5;Reverse rotation;;56,0800001621;-0,997499704361;1;blink
SKL94w;2017-01-18-11-52-36;3;15;1,5;Percept;-1;56,6720001698;-0,701499700546;1;blink
SKL94w;2017-01-18-11-52-36;3;15;1,5;Sound;1.5;56,7720000744;-0,647499680519;1;blink
SKL94w;2017-01-18-11-52-36;3;15;1,5;Percept;1;59,3389999866;0,63200032711;1;blink
SKL94w;2017-01-18-11-52-36;3;16;0;Trajectory limit;-1;60,0729999542;1,0030002594;-1;blink
SKL94w;2017-01-18-11-52-36;3;16;0;Reverse rotation;;60,0810000896;1,0030002594;-1;blink
SKL94w;2017-01-18-11-52-36;3;17;1,5;Trajectory limit;1;64,0810000896;-0,999000191689;1;blink
SKL94w;2017-01-18-11-52-36;3;17;1,5;Reverse rotation;;64,0889999866;-0,999000191689;1;blink
SKL94w;2017-01-18-11-52-36;3;17;1,5;Percept;-1;64,5470001698;-0,770000219345;1;blink
SKL94w;2017-01-18-11-52-36;3;17;1,5;Sound;1.5;64,7810001373;-0,649000167847;1;blink
SKL94w;2017-01-18-11-52-36;3;17;1,5;Percept;1;67,5720000267;0,742499828339;1;blink
SKL94w;2017-01-18-11-52-36;3;18;1,5;Trajectory limit;-1;68,0800001621;1,00049984455;-1;blink
SKL94w;2017-01-18-11-52-36;3;18;1,5;Reverse rotation;;68,0880000591;1,00049984455;-1;blink
SKL94w;2017-01-18-11-52-36;3;18;1,5;Sound;1.5;68,7890000343;0,645999908447;-1;blink
SKL94w;2017-01-18-11-52-36;3;18;1,5;Percept;1;71,7720000744;-0,841500163078;-1;blink
SKL94w;2017-01-18-11-52-36;3;19;0;Trajectory limit;1;72,0889999866;-0,995999932289;1;blink
SKL94w;2017-01-18-11-52-36;3;19;0;Reverse rotation;;72,0959999561;-0,995999932289;1;blink
SKL94w;2017-01-18-11-52-36;3;19;0;Percept;-1;73,5150001049;-0,287499904633;1;blink
SKL94w;2017-01-18-11-52-36;3;20;1,5;Trajectory limit;-1;76,0820000172;1,00050008297;-1;blink
SKL94w;2017-01-18-11-52-36;3;20;1,5;Reverse rotation;;76,0900001526;1,00050008297;-1;blink
SKL94w;2017-01-18-11-52-36;3;20;1,5;Percept;1;76,498000145;0,796500086784;-1;blink
SKL94w;2017-01-18-11-52-36;3;20;1,5;Sound;1.5;76,7890000343;0,647000074387;-1;blink
SKL94w;2017-01-18-11-52-36;3;20;1,5;Percept;1;79,8980000019;-0,902999997139;-1;blink
SKL94w;2017-01-18-11-52-36;3;21;1;Trajectory limit;1;80,0900001526;-0,996500015259;1;blink
SKL94w;2017-01-18-11-52-36;3;21;1;Reverse rotation;;80,0970001221;-0,996500015259;1;blink
SKL94w;2017-01-18-11-52-36;3;21;1;Sound;1.0;81,2899999619;-0,396500110626;1;blink
SKL94w;2017-01-18-11-52-36;3;21;1;Percept;-1;81,864000082;-0,113500118256;1;blink
SKL94w;2017-01-18-11-52-36;3;21;1;Percept;1;83,6059999466;0,757499933243;1;blink
SKL94w;2017-01-18-11-52-36;3;22;0;Trajectory limit;-1;84,0889999866;1,00299990177;-1;blink
SKL94w;2017-01-18-11-52-36;3;22;0;Reverse rotation;;84,0970001221;1,00299990177;-1;blink
SKL94w;2017-01-18-11-52-36;3;23;1;Trajectory limit;1;88,0980000496;-0,998999834061;1;blink
SKL94w;2017-01-18-11-52-36;3;23;1;Reverse rotation;;88,1050000191;-0,998999834061;1;blink
SKL94w;2017-01-18-11-52-36;3;23;1;Percept;-1;88,6470000744;-0,727999806404;1;blink
SKL94w;2017-01-18-11-52-36;3;23;1;Sound;1.0;89,2970001698;-0,398999810219;1;blink
SKL94w;2017-01-18-11-52-36;3;23;1;Percept;1;91,3650000095;0,631000161171;1;blink
SKL94w;2017-01-18-11-52-36;3;24;1;Trajectory limit;-1;92,0980000496;1,0015001297;-1;blink
SKL94w;2017-01-18-11-52-36;3;24;1;Reverse rotation;;92,1059999466;1,0015001297;-1;blink
SKL94w;2017-01-18-11-52-36;3;24;1;Sound;1.0;93,3070001602;0,397000074387;-1;blink
SKL94w;2017-01-18-11-52-36;3;24;1;Percept;1;95,7150001526;-0,802499890327;-1;blink
SKL94w;2017-01-18-11-52-36;3;24;1;Block end;;96,006000042;-0,948499917984;-1;blink
SKL94w;2017-01-18-11-52-36;4;1;0;Block start;;1484737653,42;-1;1;blink
SKL94w;2017-01-18-11-52-36;4;1;0;Percept;-1;0,859999895096;-0,577499985695;1;blink
SKL94w;2017-01-18-11-52-36;4;2;1;Trajectory limit;-1;4,01099991798;1,00150001049;-1;blink
SKL94w;2017-01-18-11-52-36;4;2;1;Reverse rotation;;4,01799988747;1,00150001049;-1;blink
SKL94w;2017-01-18-11-52-36;4;2;1;Percept;1;4,3599998951;0,830500006676;-1;blink
SKL94w;2017-01-18-11-52-36;4;2;1;Sound;1.0;5,21899986267;0,397000074387;-1;blink
SKL94w;2017-01-18-11-52-36;4;2;1;Percept;1;7,56999993324;-0,773999929428;-1;blink
SKL94w;2017-01-18-11-52-36;4;3;1;Trajectory limit;1;8,01999998093;-0,996999979019;1;blink
SKL94w;2017-01-18-11-52-36;4;3;1;Reverse rotation;;8,02699995041;-0,996999979019;1;blink
SKL94w;2017-01-18-11-52-36;4;3;1;Percept;-1;8,6859998703;-0,667500019073;1;blink
SKL94w;2017-01-18-11-52-36;4;3;1;Sound;1.0;9,21899986267;-0,397000074387;1;blink
SKL94w;2017-01-18-11-52-36;4;3;1;Percept;1;11,5780000687;0,777999997139;1;blink
SKL94w;2017-01-18-11-52-36;4;4;0;Trajectory limit;-1;12,0190000534;1,00300002098;-1;blink
SKL94w;2017-01-18-11-52-36;4;4;0;Reverse rotation;;12,0269999504;1,00300002098;-1;blink
SKL94w;2017-01-18-11-52-36;4;4;0;Percept;-1;12,6440000534;0,694500088692;-1;blink
SKL94w;2017-01-18-11-52-36;4;5;1;Trajectory limit;1;16,0279998779;-0,998500108719;1;blink
SKL94w;2017-01-18-11-52-36;4;5;1;Reverse rotation;;16,0350000858;-0,998500108719;1;blink
SKL94w;2017-01-18-11-52-36;4;5;1;Percept;-1;16,8770000935;-0,578000068665;1;blink
SKL94w;2017-01-18-11-52-36;4;5;1;Sound;1.0;17,2279999256;-0,398500084877;1;blink
SKL94w;2017-01-18-11-52-36;4;5;1;Percept;1;19,5769999027;0,771999955177;1;blink
SKL94w;2017-01-18-11-52-36;4;6;1,5;Trajectory limit;-1;20,0269999504;1,00099992752;-1;blink
SKL94w;2017-01-18-11-52-36;4;6;1,5;Reverse rotation;;20,0350000858;1,00099992752;-1;blink
SKL94w;2017-01-18-11-52-36;4;6;1,5;Sound;1.5;20,7349998951;0,646999955177;-1;blink
SKL94w;2017-01-18-11-52-36;4;6;1,5;Percept;-1;20,7769999504;0,629999876022;-1;blink
SKL94w;2017-01-18-11-52-36;4;6;1,5;Percept;1;23,5780000687;-0,770500063896;-1;blink
SKL94w;2017-01-18-11-52-36;4;7;0;Trajectory limit;1;24,0360000134;-0,996499896049;1;blink
SKL94w;2017-01-18-11-52-36;4;7;0;Reverse rotation;;24,0439999104;-0,996499896049;1;blink
SKL94w;2017-01-18-11-52-36;4;7;0;Percept;-1;24,7860000134;-0,624999880791;1;blink
SKL94w;2017-01-18-11-52-36;4;8;1,5;Trajectory limit;-1;28,0360000134;1,00350010395;-1;blink
SKL94w;2017-01-18-11-52-36;4;8;1,5;Reverse rotation;;28,0439999104;1,00350010395;-1;blink
SKL94w;2017-01-18-11-52-36;4;8;1,5;Percept;1;28,5279998779;0,762000083923;-1;blink
SKL94w;2017-01-18-11-52-36;4;8;1,5;Sound;1.5;28,743999958;0,649500131607;-1;blink
SKL94w;2017-01-18-11-52-36;4;8;1,5;Percept;1;31,5939998627;-0,771499872208;-1;blink
SKL94w;2017-01-18-11-52-36;4;9;1;Trajectory limit;1;32,0439999104;-0,999500155449;1;blink
SKL94w;2017-01-18-11-52-36;4;9;1;Reverse rotation;;32,0520000458;-0,999500155449;1;blink
SKL94w;2017-01-18-11-52-36;4;9;1;Percept;-1;33,0690000057;-0,491000175476;1;blink
SKL94w;2017-01-18-11-52-36;4;9;1;Sound;1.0;33,243999958;-0,399500131607;1;blink
SKL94w;2017-01-18-11-52-36;4;9;1;Percept;1;35,6859998703;0,816999912262;1;blink
SKL94w;2017-01-18-11-52-36;4;10;0;Trajectory limit;-1;36,0439999104;1,00049984455;-1;blink
SKL94w;2017-01-18-11-52-36;4;10;0;Reverse rotation;;36,0520000458;1,00049984455;-1;blink
SKL94w;2017-01-18-11-52-36;4;10;0;Percept;-1;36,510999918;0,771499752998;-1;blink
SKL94w;2017-01-18-11-52-36;4;11;1,5;Trajectory limit;1;40,0520000458;-0,99649977684;1;blink
SKL94w;2017-01-18-11-52-36;4;11;1,5;Reverse rotation;;40,0599999428;-0,99649977684;1;blink
SKL94w;2017-01-18-11-52-36;4;11;1,5;Sound;1.5;40,7520000935;-0,646499752998;1;blink
SKL94w;2017-01-18-11-52-36;4;11;1,5;Percept;1;43,5360000134;0,741500139236;1;blink
SKL94w;2017-01-18-11-52-36;4;12;1,5;Trajectory limit;-1;44,0450000763;1,00000023842;-1;blink
SKL94w;2017-01-18-11-52-36;4;12;1,5;Reverse rotation;;44,0520000458;1,00000023842;-1;blink
SKL94w;2017-01-18-11-52-36;4;12;1,5;Percept;-1;44,5859999657;0,733500242233;-1;blink
SKL94w;2017-01-18-11-52-36;4;12;1,5;Sound;1.5;44,753000021;0,646000266075;-1;blink
SKL94w;2017-01-18-11-52-36;4;12;1,5;Percept;1;47,378000021;-0,662499666214;-1;blink
SKL94w;2017-01-18-11-52-36;4;13;0;Trajectory limit;1;48,0529999733;-0,996000289917;1;blink
SKL94w;2017-01-18-11-52-36;4;13;0;Reverse rotation;;48,0609998703;-0,996000289917;1;blink
SKL94w;2017-01-18-11-52-36;4;13;0;Percept;-1;48,9359998703;-0,558500289917;1;blink
SKL94w;2017-01-18-11-52-36;4;14;1;Trajectory limit;-1;52,0529999733;1,00399971008;-1;blink
SKL94w;2017-01-18-11-52-36;4;14;1;Reverse rotation;;52,0609998703;1,00399971008;-1;blink
SKL94w;2017-01-18-11-52-36;4;14;1;Percept;1;52,8190000057;0,624999761581;-1;blink
SKL94w;2017-01-18-11-52-36;4;14;1;Sound;1.0;53,260999918;0,39999973774;-1;blink
SKL94w;2017-01-18-11-52-36;4;14;1;Percept;1;55,9440000057;-0,937500238419;-1;blink
SKL94w;2017-01-18-11-52-36;4;15;1,5;Trajectory limit;1;56,0620000362;-0,999499678612;1;blink
SKL94w;2017-01-18-11-52-36;4;15;1,5;Reverse rotation;;56,0699999332;-0,999499678612;1;blink
SKL94w;2017-01-18-11-52-36;4;15;1,5;Percept;-1;56,6270000935;-0,720999717712;1;blink
SKL94w;2017-01-18-11-52-36;4;15;1,5;Sound;1.5;56,760999918;-0,64999973774;1;blink
SKL94w;2017-01-18-11-52-36;4;15;1,5;Percept;1;59,3529999256;0,642000317574;1;blink
SKL94w;2017-01-18-11-52-36;4;16;0;Trajectory limit;-1;60,0620000362;1,00050032139;-1;blink
SKL94w;2017-01-18-11-52-36;4;16;0;Reverse rotation;;60,0690000057;1,00050032139;-1;blink
SKL94w;2017-01-18-11-52-36;4;16;0;Percept;-1;60,628000021;0,721500396729;-1;blink
SKL94w;2017-01-18-11-52-36;4;17;1,5;Trajectory limit;1;64,0699999332;-0,996500372887;1;blink
SKL94w;2017-01-18-11-52-36;4;17;1,5;Reverse rotation;;64,0780000687;-0,996500372887;1;blink
SKL94w;2017-01-18-11-52-36;4;17;1,5;Percept;1;64,3699998856;-0,85050034523;1;blink
SKL94w;2017-01-18-11-52-36;4;17;1,5;Sound;1.5;64,7699999809;-0,646500349045;1;blink
SKL94w;2017-01-18-11-52-36;4;17;1,5;Percept;-1;64,9949998856;-0,53800034523;1;blink
SKL94w;2017-01-18-11-52-36;4;17;1,5;Percept;1;67,5450000763;0,736999630928;1;blink
SKL94w;2017-01-18-11-52-36;4;18;1,5;Trajectory limit;-1;68,0699999332;1,00349962711;-1;blink
SKL94w;2017-01-18-11-52-36;4;18;1,5;Reverse rotation;;68,0780000687;1,00349962711;-1;blink
SKL94w;2017-01-18-11-52-36;4;18;1,5;Percept;-1;68,4619998932;0,811999559402;-1;blink
SKL94w;2017-01-18-11-52-36;4;18;1,5;Sound;1.5;68,7790000439;0,6489995718;-1;blink
SKL94w;2017-01-18-11-52-36;4;18;1,5;Percept;1;71,4119999409;-0,66300034523;-1;blink
SKL94w;2017-01-18-11-52-36;4;19;0;Trajectory limit;1;72,0789999962;-0,999499559402;1;blink
SKL94w;2017-01-18-11-52-36;4;19;0;Reverse rotation;;72,0859999657;-0,999499559402;1;blink
SKL94w;2017-01-18-11-52-36;4;19;0;Percept;-1;72,6029999256;-0,74099957943;1;blink
SKL94w;2017-01-18-11-52-36;4;20;1,5;Trajectory limit;-1;76,0789999962;1,00100040436;-1;blink
SKL94w;2017-01-18-11-52-36;4;20;1,5;Reverse rotation;;76,0869998932;1,00100040436;-1;blink
SKL94w;2017-01-18-11-52-36;4;20;1,5;Percept;1;76,4790000916;0,805000424385;-1;blink
SKL94w;2017-01-18-11-52-36;4;20;1,5;Sound;1.5;76,7879998684;0,646500468254;-1;blink
SKL94w;2017-01-18-11-52-36;4;20;1,5;Percept;1;79,5209999084;-0,715999603271;-1;blink
SKL94w;2017-01-18-11-52-36;4;21;1;Trajectory limit;1;80,0880000591;-0,997000455856;1;blink
SKL94w;2017-01-18-11-52-36;4;21;1;Reverse rotation;;80,0950000286;-0,997000455856;1;blink
SKL94w;2017-01-18-11-52-36;4;21;1;Percept;-1;80,8540000916;-0,617500424385;1;blink
SKL94w;2017-01-18-11-52-36;4;21;1;Sound;1.0;81,2869999409;-0,397000432014;1;blink
SKL94w;2017-01-18-11-52-36;4;21;1;Percept;1;83,6700000763;0,790499567986;1;blink
SKL94w;2017-01-18-11-52-36;4;22;0;Trajectory limit;-1;84,0869998932;1,00299954414;-1;blink
SKL94w;2017-01-18-11-52-36;4;22;0;Reverse rotation;;84,0950000286;1,00299954414;-1;blink
SKL94w;2017-01-18-11-52-36;4;22;0;Percept;-1;84,4449999332;0,827999472618;-1;blink
SKL94w;2017-01-18-11-52-36;4;23;1;Trajectory limit;1;88,0950000286;-0,998999476433;1;blink
SKL94w;2017-01-18-11-52-36;4;23;1;Reverse rotation;;88,1029999256;-0,998999476433;1;blink
SKL94w;2017-01-18-11-52-36;4;23;1;Percept;-1;89,1119999886;-0,494499444962;1;blink
SKL94w;2017-01-18-11-52-36;4;23;1;Sound;1.0;89,2950000763;-0,398999452591;1;blink
SKL94w;2017-01-18-11-52-36;4;23;1;Percept;1;91,628000021;0,763500452042;1;blink
SKL94w;2017-01-18-11-52-36;4;24;1;Trajectory limit;-1;92,0950000286;1,00100052357;-1;blink
SKL94w;2017-01-18-11-52-36;4;24;1;Reverse rotation;;92,1029999256;1,00100052357;-1;blink
SKL94w;2017-01-18-11-52-36;4;24;1;Percept;-1;92,5279998779;0,788500547409;-1;blink
SKL94w;2017-01-18-11-52-36;4;24;1;Sound;1.0;93,3039999008;0,396500587463;-1;blink
SKL94w;2017-01-18-11-52-36;4;24;1;Percept;1;95,6380000114;-0,766499400139;-1;blink
SKL94w;2017-01-18-11-52-36;4;24;1;Block end;;96,0039999485;-0,949499487877;-1;blink
SKL94w;2017-01-18-11-52-36;5;1;0;Block start;;1484737867,4;-1;1;blink
SKL94w;2017-01-18-11-52-36;5;1;0;Percept;-1;1,11899995804;-0,448500037193;1;blink
SKL94w;2017-01-18-11-52-36;5;2;1;Trajectory limit;-1;4,01200008392;1,00199997425;-1;blink
SKL94w;2017-01-18-11-52-36;5;2;1;Reverse rotation;;4,01999998093;1,00199997425;-1;blink
SKL94w;2017-01-18-11-52-36;5;2;1;Percept;1;4,61199998856;0,705999970436;-1;blink
SKL94w;2017-01-18-11-52-36;5;2;1;Sound;1.0;5,22099995613;0,397500038147;-1;blink
SKL94w;2017-01-18-11-52-36;5;2;1;Percept;-1;7,52900004387;-0,75250005722;-1;blink
SKL94w;2017-01-18-11-52-36;5;3;1;Trajectory limit;1;8,02100014687;-0,998000025749;1;blink
SKL94w;2017-01-18-11-52-36;5;3;1;Reverse rotation;;8,02800011635;-0,998000025749;1;blink
SKL94w;2017-01-18-11-52-36;5;3;1;Percept;1;8,72000002861;-0,651999950409;1;blink
SKL94w;2017-01-18-11-52-36;5;3;1;Sound;1.0;9,22000002861;-0,398000001907;1;blink
SKL94w;2017-01-18-11-52-36;5;3;1;Percept;-1;11,745000124;0,860499978065;1;blink
SKL94w;2017-01-18-11-52-36;5;4;0;Trajectory limit;-1;12,0210001469;1,00250005722;-1;blink
SKL94w;2017-01-18-11-52-36;5;4;0;Reverse rotation;;12,0290000439;1,00250005722;-1;blink
SKL94w;2017-01-18-11-52-36;5;4;0;Percept;1;12,5780000687;0,728000164032;-1;blink
SKL94w;2017-01-18-11-52-36;5;5;1;Trajectory limit;1;16,0290000439;-0,998500108719;1;blink
SKL94w;2017-01-18-11-52-36;5;5;1;Reverse rotation;;16,0360000134;-0,998500108719;1;blink
SKL94w;2017-01-18-11-52-36;5;5;1;Percept;-1;16,7620000839;-0,636000156403;1;blink
SKL94w;2017-01-18-11-52-36;5;5;1;Sound;1.0;17,2279999256;-0,399000167847;1;blink
SKL94w;2017-01-18-11-52-36;5;5;1;Percept;1;19,5290000439;0,74749994278;1;blink
SKL94w;2017-01-18-11-52-36;5;6;1,5;Trajectory limit;-1;20,0290000439;1,00149989128;-1;blink
SKL94w;2017-01-18-11-52-36;5;6;1,5;Reverse rotation;;20,0369999409;1,00149989128;-1;blink
SKL94w;2017-01-18-11-52-36;5;6;1,5;Sound;1.5;20,7369999886;0,647499918938;-1;blink
SKL94w;2017-01-18-11-52-36;5;6;1,5;Percept;-1;20,7490000725;0,647499918938;-1;blink
SKL94w;2017-01-18-11-52-36;5;6;1,5;Percept;-1;23,6289999485;-0,794500112534;-1;blink
SKL94w;2017-01-18-11-52-36;5;7;0;Trajectory limit;1;24,0369999409;-0,99749994278;1;blink
SKL94w;2017-01-18-11-52-36;5;7;0;Reverse rotation;;24,0450000763;-0,99749994278;1;blink
SKL94w;2017-01-18-11-52-36;5;7;0;Percept;1;24,6449999809;-0,697499871254;1;blink
SKL94w;2017-01-18-11-52-36;5;8;1,5;Trajectory limit;-1;28,0380001068;1,00300014019;-1;blink
SKL94w;2017-01-18-11-52-36;5;8;1,5;Reverse rotation;;28,0450000763;1,00300014019;-1;blink
SKL94w;2017-01-18-11-52-36;5;8;1,5;Sound;1.5;28,745000124;0,649500131607;-1;blink
SKL94w;2017-01-18-11-52-36;5;8;1,5;Percept;-1;28,7569999695;0,649500131607;-1;blink
SKL94w;2017-01-18-11-52-36;5;8;1,5;Percept;-1;31,6370000839;-0,792499780655;-1;blink
SKL94w;2017-01-18-11-52-36;5;9;1;Trajectory limit;1;32,0450000763;-0,999500155449;1;blink
SKL94w;2017-01-18-11-52-36;5;9;1;Reverse rotation;;32,0529999733;-0,999500155449;1;blink
SKL94w;2017-01-18-11-52-36;5;9;1;Percept;1;32,5780000687;-0,737000226974;1;blink
SKL94w;2017-01-18-11-52-36;5;9;1;Sound;1.0;33,245000124;-0,399500131607;1;blink
SKL94w;2017-01-18-11-52-36;5;9;1;Percept;-1;35,6289999485;0,788499832153;1;blink
SKL94w;2017-01-18-11-52-36;5;10;0;Trajectory limit;-1;36,0450000763;1,00049984455;-1;blink
SKL94w;2017-01-18-11-52-36;5;10;0;Reverse rotation;;36,0529999733;1,00049984455;-1;blink
SKL94w;2017-01-18-11-52-36;5;10;0;Percept;1;36,7620000839;0,645999908447;-1;blink
SKL94w;2017-01-18-11-52-36;5;11;1,5;Trajectory limit;1;40,0460000038;-0,999999880791;1;blink
SKL94w;2017-01-18-11-52-36;5;11;1,5;Reverse rotation;;40,0540001392;-0,999999880791;1;blink
SKL94w;2017-01-18-11-52-36;5;11;1,5;Sound;1.5;40,7460000515;-0,649999856949;1;blink
SKL94w;2017-01-18-11-52-36;5;11;1,5;Percept;-1;40,8210000992;-0,616499900818;1;blink
SKL94w;2017-01-18-11-52-36;5;12;1,5;Trajectory limit;-1;44,0460000038;1,00000011921;-1;blink
SKL94w;2017-01-18-11-52-36;5;12;1,5;Reverse rotation;;44,0540001392;1,00000011921;-1;blink
SKL94w;2017-01-18-11-52-36;5;12;1,5;Percept;-1;44,0650000572;1,00000011921;-1;blink
SKL94w;2017-01-18-11-52-36;5;12;1,5;Percept;1;44,7290000916;0,662500143051;-1;blink
SKL94w;2017-01-18-11-52-36;5;12;1,5;Sound;1.5;44,7490000725;0,648500084877;-1;blink
SKL94w;2017-01-18-11-52-36;5;12;1,5;Percept;-1;47,6210000515;-0,783499836922;-1;blink
SKL94w;2017-01-18-11-52-36;5;13;0;Trajectory limit;1;48,0540001392;-0,996000051498;1;blink
SKL94w;2017-01-18-11-52-36;5;13;0;Reverse rotation;;48,0620000362;-0,996000051498;1;blink
SKL94w;2017-01-18-11-52-36;5;13;0;Percept;1;48,8210000992;-0,616500139236;1;blink
SKL94w;2017-01-18-11-52-36;5;14;1;Trajectory limit;-1;52,0540001392;1,0039999485;-1;blink
SKL94w;2017-01-18-11-52-36;5;14;1;Reverse rotation;;52,0620000362;1,0039999485;-1;blink
SKL94w;2017-01-18-11-52-36;5;14;1;Percept;-1;52,6960000992;0,6875;-1;blink
SKL94w;2017-01-18-11-52-36;5;14;1;Sound;1.0;53,2620000839;0,399999976158;-1;blink
SKL94w;2017-01-18-11-52-36;5;14;1;Percept;-1;55,5959999561;-0,763000011444;-1;blink
SKL94w;2017-01-18-11-52-36;5;15;1,5;Trajectory limit;1;56,0629999638;-0,99950003624;1;blink
SKL94w;2017-01-18-11-52-36;5;15;1,5;Reverse rotation;;56,0710000992;-0,99950003624;1;blink
SKL94w;2017-01-18-11-52-36;5;15;1,5;Sound;1.5;56,7630000114;-0,649500012398;1;blink
SKL94w;2017-01-18-11-52-36;5;15;1,5;Percept;1;56,8050000668;-0,632500052452;1;blink
SKL94w;2017-01-18-11-52-36;5;15;1,5;Percept;-1;59,7630000114;0,846500039101;1;blink
SKL94w;2017-01-18-11-52-36;5;16;0;Trajectory limit;-1;60,0629999638;1,00049996376;-1;blink
SKL94w;2017-01-18-11-52-36;5;16;0;Reverse rotation;;60,0710000992;1,00049996376;-1;blink
SKL94w;2017-01-18-11-52-36;5;16;0;Percept;1;60,5629999638;0,754499912262;-1;blink
SKL94w;2017-01-18-11-52-36;5;17;1,5;Trajectory limit;1;64,0710000992;-0,996499896049;1;blink
SKL94w;2017-01-18-11-52-36;5;17;1,5;Reverse rotation;;64,0789999962;-0,996499896049;1;blink
SKL94w;2017-01-18-11-52-36;5;17;1,5;Percept;-1;64,5210001469;-0,775499939919;1;blink
SKL94w;2017-01-18-11-52-36;5;17;1,5;Sound;1.5;64,7710001469;-0,646499872208;1;blink
SKL94w;2017-01-18-11-52-36;5;17;1,5;Percept;-1;67,7880001068;0,858000040054;1;blink
SKL94w;2017-01-18-11-52-36;5;18;1,5;Trajectory limit;-1;68,0710000992;1,00350010395;-1;blink
SKL94w;2017-01-18-11-52-36;5;18;1,5;Reverse rotation;;68,0789999962;1,00350010395;-1;blink
SKL94w;2017-01-18-11-52-36;5;18;1,5;Percept;1;68,5460000038;0,770000100136;-1;blink
SKL94w;2017-01-18-11-52-36;5;18;1,5;Sound;1.5;68,7799999714;0,649000167847;-1;blink
SKL94w;2017-01-18-11-52-36;5;18;1,5;Percept;-1;71,8880000114;-0,900999903679;-1;blink
SKL94w;2017-01-18-11-52-36;5;19;0;Trajectory limit;1;72,0799999237;-0,999000191689;1;blink
SKL94w;2017-01-18-11-52-36;5;19;0;Reverse rotation;;72,0880000591;-0,999000191689;1;blink
SKL94w;2017-01-18-11-52-36;5;19;0;Percept;1;72,6800000668;-0,703000187874;1;blink
SKL94w;2017-01-18-11-52-36;5;20;1,5;Trajectory limit;-1;76,0799999237;1,00099980831;-1;blink
SKL94w;2017-01-18-11-52-36;5;20;1,5;Reverse rotation;;76,0880000591;1,00099980831;-1;blink
SKL94w;2017-01-18-11-52-36;5;20;1,5;Sound;1.5;76,7890000343;0,646499752998;-1;blink
SKL94w;2017-01-18-11-52-36;5;20;1,5;Percept;-1;76,8470001221;0,621999740601;-1;blink
SKL94w;2017-01-18-11-52-36;5;20;1,5;Percept;1;79,8629999161;-0,886500239372;-1;blink
SKL94w;2017-01-18-11-52-36;5;21;1;Trajectory limit;1;80,0840001106;-0,998999714851;1;blink
SKL94w;2017-01-18-11-52-36;5;21;1;Reverse rotation;;80,0920000076;-0,998999714851;1;blink
SKL94w;2017-01-18-11-52-36;5;21;1;Percept;-1;81,1050000191;-0,492499709129;1;blink
SKL94w;2017-01-18-11-52-36;5;21;1;Sound;1.0;81,2880001068;-0,396999716759;1;blink
SKL94w;2017-01-18-11-52-36;5;21;1;Percept;1;83,6129999161;0,761500239372;1;blink
SKL94w;2017-01-18-11-52-36;5;22;0;Trajectory limit;-1;84,0880000591;1,0030002594;-1;blink
SKL94w;2017-01-18-11-52-36;5;22;0;Reverse rotation;;84,0959999561;1,0030002594;-1;blink
SKL94w;2017-01-18-11-52-36;5;22;0;Percept;-1;84,7379999161;0,682000279427;-1;blink
SKL94w;2017-01-18-11-52-36;5;23;1;Trajectory limit;1;88,0959999561;-0,999000310898;1;blink
SKL94w;2017-01-18-11-52-36;5;23;1;Reverse rotation;;88,1040000916;-0,999000310898;1;blink
SKL94w;2017-01-18-11-52-36;5;23;1;Sound;1.0;89,2980000973;-0,398000240326;1;blink
SKL94w;2017-01-18-11-52-36;5;23;1;Percept;1;91,746999979;0,822499752045;1;blink
SKL94w;2017-01-18-11-52-36;5;24;1;Trajectory limit;-1;92,0970001221;1,00149977207;-1;blink
SKL94w;2017-01-18-11-52-36;5;24;1;Reverse rotation;;92,1050000191;1,00149977207;-1;blink
SKL94w;2017-01-18-11-52-36;5;24;1;Percept;-1;92,614000082;0,74699985981;-1;blink
SKL94w;2017-01-18-11-52-36;5;24;1;Sound;1.0;93,3059999943;0,396999835968;-1;blink
SKL94w;2017-01-18-11-52-36;5;24;1;Percept;-1;95,4800000191;-0,686000227928;-1;blink
SKL94w;2017-01-18-11-52-36;5;24;1;Block end;;96,0050001144;-0,948500156403;-1;blink
SKL94w;2017-01-18-11-52-36;6;1;0;Block start;;1484738000,7;-1;1;blink
SKL94w;2017-01-18-11-52-36;6;1;0;Percept;-1;0,875;-0,569999933243;1;blink
SKL94w;2017-01-18-11-52-36;6;2;1;Trajectory limit;-1;4,00900006294;1,00050008297;-1;blink
SKL94w;2017-01-18-11-52-36;6;2;1;Reverse rotation;;4,01699995995;1,00050008297;-1;blink
SKL94w;2017-01-18-11-52-36;6;2;1;Percept;1;4,54999995232;0,734000086784;-1;blink
SKL94w;2017-01-18-11-52-36;6;2;1;Sound;1.0;5,21700000763;0,396500110626;-1;blink
SKL94w;2017-01-18-11-52-36;6;2;1;Percept;1;7,7009999752;-0,84099984169;-1;blink
SKL94w;2017-01-18-11-52-36;6;3;1;Trajectory limit;1;8,01699995995;-0,996500134468;1;blink
SKL94w;2017-01-18-11-52-36;6;3;1;Reverse rotation;;8,02499985695;-0,996500134468;1;blink
SKL94w;2017-01-18-11-52-36;6;3;1;Percept;-1;8,65199995041;-0,683500170708;1;blink
SKL94w;2017-01-18-11-52-36;6;3;1;Sound;1.0;9,21799993515;-0,396000146866;1;blink
SKL94w;2017-01-18-11-52-36;6;3;1;Percept;-1;11,9429998398;0,962499856949;1;blink
SKL94w;2017-01-18-11-52-36;6;4;0;Trajectory limit;-1;12,0190000534;1,00449991226;-1;blink
SKL94w;2017-01-18-11-52-36;6;4;0;Reverse rotation;;12,0269999504;1,00449991226;-1;blink
SKL94w;2017-01-18-11-52-36;6;4;0;Percept;1;12,5509998798;0,742499947548;-1;blink
SKL94w;2017-01-18-11-52-36;6;5;1;Trajectory limit;1;16,0339999199;-0,996999979019;1;blink
SKL94w;2017-01-18-11-52-36;6;5;1;Reverse rotation;;16,0420000553;-0,996999979019;1;blink
SKL94w;2017-01-18-11-52-36;6;5;1;Percept;-1;16,8090000153;-0,613499999046;1;blink
SKL94w;2017-01-18-11-52-36;6;5;1;Sound;1.0;17,2339999676;-0,396999955177;1;blink
SKL94w;2017-01-18-11-52-36;6;5;1;Percept;1;19,7760000229;0,870000004768;1;blink
SKL94w;2017-01-18-11-52-36;6;6;1,5;Trajectory limit;-1;20,0339999199;1,00300002098;-1;blink
SKL94w;2017-01-18-11-52-36;6;6;1,5;Reverse rotation;;20,0420000553;1,00300002098;-1;blink
SKL94w;2017-01-18-11-52-36;6;6;1,5;Sound;1.5;20,7419998646;0,649000048637;-1;blink
SKL94w;2017-01-18-11-52-36;6;6;1,5;Percept;1;23,7760000229;-0,863999962807;-1;blink
SKL94w;2017-01-18-11-52-36;6;7;0;Trajectory limit;1;24,0420000553;-0,99899995327;1;blink
SKL94w;2017-01-18-11-52-36;6;7;0;Reverse rotation;;24,0499999523;-0,99899995327;1;blink
SKL94w;2017-01-18-11-52-36;6;7;0;Percept;-1;24,5669999123;-0,740499973297;1;blink
SKL94w;2017-01-18-11-52-36;6;8;1,5;Trajectory limit;-1;28,0439999104;1,00150001049;-1;blink
SKL94w;2017-01-18-11-52-36;6;8;1,5;Reverse rotation;;28,0509998798;1,00150001049;-1;blink
SKL94w;2017-01-18-11-52-36;6;8;1,5;Sound;1.5;28,751999855;0,647500038147;-1;blink
SKL94w;2017-01-18-11-52-36;6;8;1,5;Percept;1;28,9509999752;0,551500082016;-1;blink
SKL94w;2017-01-18-11-52-36;6;8;1,5;Percept;1;31,5349998474;-0,740499973297;-1;blink
SKL94w;2017-01-18-11-52-36;6;9;1;Trajectory limit;1;32,0520000458;-0,997500061989;1;blink
SKL94w;2017-01-18-11-52-36;6;9;1;Reverse rotation;;32,0590000153;-0,997500061989;1;blink
SKL94w;2017-01-18-11-52-36;6;9;1;Percept;-1;32,9099998474;-0,572499990463;1;blink
SKL94w;2017-01-18-11-52-36;6;9;1;Sound;1.0;33,2509999275;-0,397500038147;1;blink
SKL94w;2017-01-18-11-52-36;6;9;1;Percept;1;35,4509999752;0,698499917984;1;blink
SKL94w;2017-01-18-11-52-36;6;10;0;Trajectory limit;-1;36,0520000458;1,00300002098;-1;blink
SKL94w;2017-01-18-11-52-36;6;10;0;Reverse rotation;;36,0590000153;1,00300002098;-1;blink
SKL94w;2017-01-18-11-52-36;6;10;0;Percept;-1;36,9179999828;0,574000120163;-1;blink
SKL94w;2017-01-18-11-52-36;6;11;1,5;Trajectory limit;1;40,0599999428;-0,999000072479;1;blink
SKL94w;2017-01-18-11-52-36;6;11;1,5;Reverse rotation;;40,0669999123;-0,999000072479;1;blink
SKL94w;2017-01-18-11-52-36;6;11;1,5;Sound;1.5;40,7599999905;-0,649000048637;1;blink
SKL94w;2017-01-18-11-52-36;6;11;1,5;Percept;1;43,6599998474;0,796999931335;1;blink
SKL94w;2017-01-18-11-52-36;6;12;1,5;Trajectory limit;-1;44,0609998703;1,00149989128;-1;blink
SKL94w;2017-01-18-11-52-36;6;12;1,5;Reverse rotation;;44,0679998398;1,00149989128;-1;blink
SKL94w;2017-01-18-11-52-36;6;12;1,5;Percept;-1;44,6599998474;0,705999851227;-1;blink
SKL94w;2017-01-18-11-52-36;6;12;1,5;Sound;1.5;44,7690000534;0,647499799728;-1;blink
SKL94w;2017-01-18-11-52-36;6;12;1,5;Percept;1;47,493999958;-0,710500121117;-1;blink
SKL94w;2017-01-18-11-52-36;6;13;0;Trajectory limit;1;48,0690000057;-0,99749982357;1;blink
SKL94w;2017-01-18-11-52-36;6;13;0;Reverse rotation;;48,0759999752;-0,99749982357;1;blink
SKL94w;2017-01-18-11-52-36;6;13;0;Percept;-1;48,5769999027;-0,74749982357;1;blink
SKL94w;2017-01-18-11-52-36;6;14;1;Trajectory limit;-1;52,0690000057;1,00250017643;-1;blink
SKL94w;2017-01-18-11-52-36;6;14;1;Reverse rotation;;52,0759999752;1,00250017643;-1;blink
SKL94w;2017-01-18-11-52-36;6;14;1;Percept;1;52,7019999027;0,69000017643;-1;blink
SKL94w;2017-01-18-11-52-36;6;14;1;Sound;1.0;53,2769999504;0,398500204086;-1;blink
SKL94w;2017-01-18-11-52-36;6;14;1;Percept;1;55,5429999828;-0,730499744415;-1;blink
SKL94w;2017-01-18-11-52-36;6;15;1,5;Trajectory limit;1;56,0769999027;-0,998500227928;1;blink
SKL94w;2017-01-18-11-52-36;6;15;1,5;Reverse rotation;;56,0839998722;-0,998500227928;1;blink
SKL94w;2017-01-18-11-52-36;6;15;1,5;Sound;1.5;56,7769999504;-0,648500204086;1;blink
SKL94w;2017-01-18-11-52-36;6;15;1,5;Percept;-1;57,1099998951;-0,486000180244;1;blink
SKL94w;2017-01-18-11-52-36;6;15;1,5;Percept;1;59,5509998798;0,734499812126;1;blink
SKL94w;2017-01-18-11-52-36;6;16;0;Trajectory limit;-1;60,0769999027;1,00149977207;-1;blink
SKL94w;2017-01-18-11-52-36;6;16;0;Reverse rotation;;60,0839998722;1,00149977207;-1;blink
SKL94w;2017-01-18-11-52-36;6;16;0;Percept;-1;60,6759998798;0,705999732018;-1;blink
SKL94w;2017-01-18-11-52-36;6;17;1,5;Trajectory limit;1;64,0859999657;-0,996999740601;1;blink
SKL94w;2017-01-18-11-52-36;6;17;1,5;Reverse rotation;;64,0929999352;-0,996999740601;1;blink
SKL94w;2017-01-18-11-52-36;6;17;1,5;Percept;1;64,5520000458;-0,767999768257;1;blink
SKL94w;2017-01-18-11-52-36;6;17;1,5;Sound;1.5;64,7860000134;-0,646999716759;1;blink
SKL94w;2017-01-18-11-52-36;6;17;1,5;Percept;-1;67,9349999428;0,923500299454;1;blink
SKL94w;2017-01-18-11-52-36;6;18;1,5;Trajectory limit;-1;68,0859999657;1,0030002594;-1;blink
SKL94w;2017-01-18-11-52-36;6;18;1,5;Reverse rotation;;68,0929999352;1,0030002594;-1;blink
SKL94w;2017-01-18-11-52-36;6;18;1,5;Percept;1;68,5190000534;0,790500283241;-1;blink
SKL94w;2017-01-18-11-52-36;6;18;1,5;Sound;1.5;68,7939999104;0,649000287056;-1;blink
SKL94w;2017-01-18-11-52-36;6;18;1,5;Percept;1;71,4019999504;-0,65099978447;-1;blink
SKL94w;2017-01-18-11-52-36;6;19;0;Trajectory limit;1;72,0939998627;-0,999000310898;1;blink
SKL94w;2017-01-18-11-52-36;6;19;0;Reverse rotation;;72,1010000706;-0,999000310898;1;blink
SKL94w;2017-01-18-11-52-36;6;19;0;Percept;-1;72,5850000381;-0,757500290871;1;blink
SKL94w;2017-01-18-11-52-36;6;20;1,5;Trajectory limit;-1;76,0939998627;1,0009996891;-1;blink
SKL94w;2017-01-18-11-52-36;6;20;1,5;Reverse rotation;;76,1010000706;1,0009996891;-1;blink
SKL94w;2017-01-18-11-52-36;6;20;1,5;Sound;1.5;76,8020000458;0,646999597549;-1;blink
SKL94w;2017-01-18-11-52-36;6;20;1,5;Percept;1;76,8519999981;0,625999689102;-1;blink
SKL94w;2017-01-18-11-52-36;6;20;1,5;Percept;1;79,4279999733;-0,66150033474;-1;blink
SKL94w;2017-01-18-11-52-36;6;21;1;Trajectory limit;1;80,1029999256;-0,996499657631;1;blink
SKL94w;2017-01-18-11-52-36;6;21;1;Reverse rotation;;80,111000061;-0,996499657631;1;blink
SKL94w;2017-01-18-11-52-36;6;21;1;Percept;-1;80,7279999256;-0,688499689102;1;blink
SKL94w;2017-01-18-11-52-36;6;21;1;Sound;1.0;81,3029999733;-0,396499633789;1;blink
SKL94w;2017-01-18-11-52-36;6;21;1;Percept;-1;83,6779999733;0,78650033474;1;blink
SKL94w;2017-01-18-11-52-36;6;22;0;Trajectory limit;-1;84,1029999256;1,00350034237;-1;blink
SKL94w;2017-01-18-11-52-36;6;22;0;Reverse rotation;;84,111000061;1,00350034237;-1;blink
SKL94w;2017-01-18-11-52-36;6;22;0;Percept;1;84,7279999256;0,69550037384;-1;blink
SKL94w;2017-01-18-11-52-36;6;23;1;Trajectory limit;1;88,111000061;-0,999500274658;1;blink
SKL94w;2017-01-18-11-52-36;6;23;1;Reverse rotation;;88,1180000305;-0,999500274658;1;blink
SKL94w;2017-01-18-11-52-36;6;23;1;Percept;-1;88,743999958;-0,687000274658;1;blink
SKL94w;2017-01-18-11-52-36;6;23;1;Sound;1.0;89,3109998703;-0,399500370026;1;blink
SKL94w;2017-01-18-11-52-36;6;23;1;Percept;-1;91,743999958;0,812999725342;1;blink
SKL94w;2017-01-18-11-52-36;6;24;1;Trajectory limit;-1;92,111000061;1,00049972534;-1;blink
SKL94w;2017-01-18-11-52-36;6;24;1;Reverse rotation;;92,1180000305;1,00049972534;-1;blink
SKL94w;2017-01-18-11-52-36;6;24;1;Percept;1;92,7849998474;0,667499780655;-1;blink
SKL94w;2017-01-18-11-52-36;6;24;1;Sound;1.0;93,3190000057;0,396499752998;-1;blink
SKL94w;2017-01-18-11-52-36;6;24;1;Percept;1;95,5769999027;-0,728500247002;-1;blink
SKL94w;2017-01-18-11-52-36;6;24;1;Block end;;96,003000021;-0,94150018692;-1;blink
SKL94w;2017-01-18-11-52-36;7;1;0;Block start;;1484738138,42;-1;1;blink
SKL94w;2017-01-18-11-52-36;7;1;0;Percept;-1;1,0680000782;-0,473999977112;1;blink
SKL94w;2017-01-18-11-52-36;7;2;1;Trajectory limit;-1;4,00999999046;1,00099992752;-1;blink
SKL94w;2017-01-18-11-52-36;7;2;1;Reverse rotation;;4,01800012589;1,00099992752;-1;blink
SKL94w;2017-01-18-11-52-36;7;2;1;Percept;1;4,59300017357;0,713499903679;-1;blink
SKL94w;2017-01-18-11-52-36;7;2;1;Sound;1.0;5,21800017357;0,396999835968;-1;blink
SKL94w;2017-01-18-11-52-36;7;2;1;Percept;-1;7,63499999046;-0,807500123978;-1;blink
SKL94w;2017-01-18-11-52-36;7;3;1;Trajectory limit;1;8,01800012589;-0,99699985981;1;blink
SKL94w;2017-01-18-11-52-36;7;3;1;Reverse rotation;;8,02600002289;-0,99699985981;1;blink
SKL94w;2017-01-18-11-52-36;7;3;1;Percept;1;8,96800017357;-0,525999903679;1;blink
SKL94w;2017-01-18-11-52-36;7;3;1;Sound;1.0;9,21800017357;-0,396999835968;1;blink
SKL94w;2017-01-18-11-52-36;7;3;1;Percept;-1;11,4270000458;0,703500151634;1;blink
SKL94w;2017-01-18-11-52-36;7;4;0;Trajectory limit;-1;12,0190000534;1,00350010395;-1;blink
SKL94w;2017-01-18-11-52-36;7;4;0;Reverse rotation;;12,0260000229;1,00350010395;-1;blink
SKL94w;2017-01-18-11-52-36;7;4;0;Percept;1;12,4850001335;0,774500131607;-1;blink
SKL94w;2017-01-18-11-52-36;7;5;1;Trajectory limit;1;16,0269999504;-0,999500155449;1;blink
SKL94w;2017-01-18-11-52-36;7;5;1;Reverse rotation;;16,0350000858;-0,999500155449;1;blink
SKL94w;2017-01-18-11-52-36;7;5;1;Percept;-1;16,5600001812;-0,737000107765;1;blink
SKL94w;2017-01-18-11-52-36;7;5;1;Sound;1.0;17,2269999981;-0,399500131607;1;blink
SKL94w;2017-01-18-11-52-36;7;5;1;Percept;-1;19,6690001488;0,816999912262;1;blink
SKL94w;2017-01-18-11-52-36;7;6;1,5;Trajectory limit;-1;20,0269999504;1,00049984455;-1;blink
SKL94w;2017-01-18-11-52-36;7;6;1,5;Reverse rotation;;20,0340001583;1,00049984455;-1;blink
SKL94w;2017-01-18-11-52-36;7;6;1,5;Percept;1;20,5429999828;0,74649977684;-1;blink
SKL94w;2017-01-18-11-52-36;7;6;1,5;Sound;1.5;20,7350001335;0,646499752998;-1;blink
SKL94w;2017-01-18-11-52-36;7;6;1,5;Percept;-1;23,4100000858;-0,687000155449;-1;blink
SKL94w;2017-01-18-11-52-36;7;7;0;Trajectory limit;1;24,0350000858;-0,99649977684;1;blink
SKL94w;2017-01-18-11-52-36;7;7;0;Reverse rotation;;24,0429999828;-0,99649977684;1;blink
SKL94w;2017-01-18-11-52-36;7;7;0;Percept;1;24,9509999752;-0,542499780655;1;blink
SKL94w;2017-01-18-11-52-36;7;8;1,5;Trajectory limit;-1;28,0350000858;1,00350022316;-1;blink
SKL94w;2017-01-18-11-52-36;7;8;1,5;Reverse rotation;;28,0429999828;1,00350022316;-1;blink
SKL94w;2017-01-18-11-52-36;7;8;1,5;Sound;1.5;28,743999958;0,649000287056;-1;blink
SKL94w;2017-01-18-11-52-36;7;8;1,5;Percept;-1;31,4609999657;-0,704999804497;-1;blink
SKL94w;2017-01-18-11-52-36;7;9;1;Trajectory limit;1;32,0440001488;-0,999000191689;1;blink
SKL94w;2017-01-18-11-52-36;7;9;1;Reverse rotation;;32,0520000458;-0,999000191689;1;blink
SKL94w;2017-01-18-11-52-36;7;9;1;Percept;1;32,743999958;-0,653000235558;1;blink
SKL94w;2017-01-18-11-52-36;7;9;1;Sound;1.0;33,243999958;-0,399000287056;1;blink
SKL94w;2017-01-18-11-52-36;7;9;1;Percept;-1;35,6600000858;0,804999709129;1;blink
SKL94w;2017-01-18-11-52-36;7;10;0;Trajectory limit;-1;36,0440001488;1,00099980831;-1;blink
SKL94w;2017-01-18-11-52-36;7;10;0;Reverse rotation;;36,0510001183;1,00099980831;-1;blink
SKL94w;2017-01-18-11-52-36;7;10;0;Percept;1;36,5190000534;0,767999887466;-1;blink
SKL94w;2017-01-18-11-52-36;7;11;1,5;Trajectory limit;1;40,0529999733;-0,99699985981;1;blink
SKL94w;2017-01-18-11-52-36;7;11;1,5;Reverse rotation;;40,0600001812;-0,99699985981;1;blink
SKL94w;2017-01-18-11-52-36;7;11;1,5;Percept;-1;40,6850001812;-0,68449985981;1;blink
SKL94w;2017-01-18-11-52-36;7;11;1,5;Sound;1.5;40,7520000935;-0,646999835968;1;blink
SKL94w;2017-01-18-11-52-36;7;11;1,5;Percept;-1;43,6440000534;0,795500159264;1;blink
SKL94w;2017-01-18-11-52-36;7;12;1,5;Trajectory limit;-1;44,0520000458;1,00300014019;-1;blink
SKL94w;2017-01-18-11-52-36;7;12;1,5;Reverse rotation;;44,0600001812;1,00300014019;-1;blink
SKL94w;2017-01-18-11-52-36;7;12;1,5;Percept;1;44,5680000782;0,749000072479;-1;blink
SKL94w;2017-01-18-11-52-36;7;12;1,5;Sound;1.5;44,7599999905;0,649000167847;-1;blink
SKL94w;2017-01-18-11-52-36;7;12;1,5;Percept;-1;47,5940001011;-0,763999819756;-1;blink
SKL94w;2017-01-18-11-52-36;7;13;0;Trajectory limit;1;48,0610001087;-0,998500108719;1;blink
SKL94w;2017-01-18-11-52-36;7;13;0;Reverse rotation;;48,0690000057;-0,998500108719;1;blink
SKL94w;2017-01-18-11-52-36;7;13;0;Percept;1;48,743999958;-0,661000132561;1;blink
SKL94w;2017-01-18-11-52-36;7;14;1;Trajectory limit;-1;52,0610001087;1,00149989128;-1;blink
SKL94w;2017-01-18-11-52-36;7;14;1;Reverse rotation;;52,0690000057;1,00149989128;-1;blink
SKL94w;2017-01-18-11-52-36;7;14;1;Sound;1.0;53,2690000534;0,397499918938;-1;blink
SKL94w;2017-01-18-11-52-36;7;14;1;Percept;-1;55,611000061;-0,769500136375;-1;blink
SKL94w;2017-01-18-11-52-36;7;15;1,5;Trajectory limit;1;56,0700001717;-0,99749994278;1;blink
SKL94w;2017-01-18-11-52-36;7;15;1,5;Reverse rotation;;56,0770001411;-0,99749994278;1;blink
SKL94w;2017-01-18-11-52-36;7;15;1,5;Sound;1.5;56,7690000534;-0,647499918938;1;blink
SKL94w;2017-01-18-11-52-36;7;15;1,5;Percept;1;57,0690000057;-0,501499891281;1;blink
SKL94w;2017-01-18-11-52-36;7;15;1,5;Percept;-1;59,5940001011;0,761000037193;1;blink
SKL94w;2017-01-18-11-52-36;7;16;0;Trajectory limit;-1;60,0690000057;1,00250005722;-1;blink
SKL94w;2017-01-18-11-52-36;7;16;0;Reverse rotation;;60,0770001411;1,00250005722;-1;blink
SKL94w;2017-01-18-11-52-36;7;16;0;Percept;1;60,618999958;0,731500029564;-1;blink
SKL94w;2017-01-18-11-52-36;7;17;1,5;Trajectory limit;1;64,0789999962;-0,997500061989;1;blink
SKL94w;2017-01-18-11-52-36;7;17;1,5;Reverse rotation;;64,0859999657;-0,997500061989;1;blink
SKL94w;2017-01-18-11-52-36;7;17;1,5;Sound;1.5;64,7790000439;-0,647500038147;1;blink
SKL94w;2017-01-18-11-52-36;7;17;1,5;Percept;-1;64,9120001793;-0,585000038147;1;blink
SKL94w;2017-01-18-11-52-36;7;17;1,5;Percept;1;67,6870000362;0,801999926567;1;blink
SKL94w;2017-01-18-11-52-36;7;18;1,5;Trajectory limit;-1;68,0780000687;1,00199997425;-1;blink
SKL94w;2017-01-18-11-52-36;7;18;1,5;Reverse rotation;;68,0859999657;1,00199997425;-1;blink
SKL94w;2017-01-18-11-52-36;7;18;1,5;Sound;1.5;68,7860000134;0,648000001907;-1;blink
SKL94w;2017-01-18-11-52-36;7;18;1,5;Percept;-1;71,4360001087;-0,672999978065;-1;blink
SKL94w;2017-01-18-11-52-36;7;19;0;Trajectory limit;1;72,0870001316;-0,998000025749;1;blink
SKL94w;2017-01-18-11-52-36;7;19;0;Reverse rotation;;72,0940001011;-0,998000025749;1;blink
SKL94w;2017-01-18-11-52-36;7;19;0;Percept;1;73,1690001488;-0,460500001907;1;blink
SKL94w;2017-01-18-11-52-36;7;20;1,5;Trajectory limit;-1;76,0859999657;1,00199997425;-1;blink
SKL94w;2017-01-18-11-52-36;7;20;1,5;Reverse rotation;;76,0940001011;1,00199997425;-1;blink
SKL94w;2017-01-18-11-52-36;7;20;1,5;Sound;1.5;76,7940001488;0,647999882698;-1;blink
SKL94w;2017-01-18-11-52-36;7;20;1,5;Percept;-1;79,493999958;-0,698000073433;-1;blink
SKL94w;2017-01-18-11-52-36;7;21;1;Trajectory limit;1;80,0940001011;-0,99799990654;1;blink
SKL94w;2017-01-18-11-52-36;7;21;1;Reverse rotation;;80,1019999981;-0,99799990654;1;blink
SKL94w;2017-01-18-11-52-36;7;21;1;Percept;1;80,6620001793;-0,718499898911;1;blink
SKL94w;2017-01-18-11-52-36;7;21;1;Sound;1.0;81,2950000763;-0,397499918938;1;blink
SKL94w;2017-01-18-11-52-36;7;21;1;Percept;-1;83,728000164;0,81500005722;1;blink
SKL94w;2017-01-18-11-52-36;7;22;0;Trajectory limit;-1;84,0950000286;1,00250005722;-1;blink
SKL94w;2017-01-18-11-52-36;7;22;0;Reverse rotation;;84,103000164;1,00250005722;-1;blink
SKL94w;2017-01-18-11-52-36;7;22;0;Percept;1;84,7120001316;0,698000073433;-1;blink
SKL94w;2017-01-18-11-52-36;7;23;1;Trajectory limit;1;88,1040000916;-0,99849998951;1;blink
SKL94w;2017-01-18-11-52-36;7;23;1;Reverse rotation;;88,111000061;-0,99849998951;1;blink
SKL94w;2017-01-18-11-52-36;7;23;1;Percept;-1;88,6449999809;-0,731500029564;1;blink
SKL94w;2017-01-18-11-52-36;7;23;1;Sound;1.0;89,3040001392;-0,398000001907;1;blink
SKL94w;2017-01-18-11-52-36;7;23;1;Percept;-1;91,628000021;0,759999990463;1;blink
SKL94w;2017-01-18-11-52-36;7;24;1;Trajectory limit;-1;92,103000164;1,00150001049;-1;blink
SKL94w;2017-01-18-11-52-36;7;24;1;Reverse rotation;;92,111000061;1,00150001049;-1;blink
SKL94w;2017-01-18-11-52-36;7;24;1;Percept;1;92,603000164;0,755500078201;-1;blink
SKL94w;2017-01-18-11-52-36;7;24;1;Sound;1.0;93,3120000362;0,397000074387;-1;blink
SKL94w;2017-01-18-11-52-36;7;24;1;Percept;-1;95,5280001163;-0,706999897957;-1;blink
SKL94w;2017-01-18-11-52-36;7;24;1;Block end;;96,003000021;-0,944499969482;-1;blink
SKL94w;2017-01-18-11-52-36;8;1;0;Block start;;1484738276,97;-1;1;blink
SKL94w;2017-01-18-11-52-36;8;1;0;Percept;-1;0,867000102997;-0,574499964714;1;blink
SKL94w;2017-01-18-11-52-36;8;2;1;Trajectory limit;-1;4,00900006294;1,00049996376;-1;blink
SKL94w;2017-01-18-11-52-36;8;2;1;Reverse rotation;;4,01700019836;1,00049996376;-1;blink
SKL94w;2017-01-18-11-52-36;8;2;1;Percept;1;4,46700000763;0,775499939919;-1;blink
SKL94w;2017-01-18-11-52-36;8;2;1;Sound;1.0;5,21700000763;0,396499991417;-1;blink
SKL94w;2017-01-18-11-52-36;8;2;1;Percept;-1;7,492000103;-0,737000107765;-1;blink
SKL94w;2017-01-18-11-52-36;8;3;1;Trajectory limit;1;8,01700019836;-0,996499896049;1;blink
SKL94w;2017-01-18-11-52-36;8;3;1;Reverse rotation;;8,02500009537;-0,996499896049;1;blink
SKL94w;2017-01-18-11-52-36;8;3;1;Percept;1;8,75;-0,633999943733;1;blink
SKL94w;2017-01-18-11-52-36;8;3;1;Sound;1.0;9,21700000763;-0,396499991417;1;blink
SKL94w;2017-01-18-11-52-36;8;3;1;Percept;1;11,625;0,803500056267;1;blink
SKL94w;2017-01-18-11-52-36;8;4;0;Trajectory limit;-1;12,0180001259;1,00400006771;-1;blink
SKL94w;2017-01-18-11-52-36;8;4;0;Reverse rotation;;12,0250000954;1,00400006771;-1;blink
SKL94w;2017-01-18-11-52-36;8;4;0;Percept;-1;12,7010002136;0,666500091553;-1;blink
SKL94w;2017-01-18-11-52-36;8;5;1;Trajectory limit;1;16,0340001583;-0,996000051498;1;blink
SKL94w;2017-01-18-11-52-36;8;5;1;Reverse rotation;;16,0420000553;-0,996000051498;1;blink
SKL94w;2017-01-18-11-52-36;8;5;1;Percept;1;16,9010000229;-0,566500067711;1;blink
SKL94w;2017-01-18-11-52-36;8;5;1;Sound;1.0;17,234000206;-0,396000027657;1;blink
SKL94w;2017-01-18-11-52-36;8;5;1;Percept;1;19,5420000553;0,753999948502;1;blink
SKL94w;2017-01-18-11-52-36;8;6;1,5;Trajectory limit;-1;20,0350000858;1,00449991226;-1;blink
SKL94w;2017-01-18-11-52-36;8;6;1,5;Reverse rotation;;20,0430002213;1,00449991226;-1;blink
SKL94w;2017-01-18-11-52-36;8;6;1,5;Percept;-1;20,617000103;0,71749985218;-1;blink
SKL94w;2017-01-18-11-52-36;8;6;1,5;Sound;1.5;20,7510001659;0,646499872208;-1;blink
SKL94w;2017-01-18-11-52-36;8;6;1,5;Percept;1;23,617000103;-0,78250014782;-1;blink
SKL94w;2017-01-18-11-52-36;8;7;0;Trajectory limit;1;24,0510001183;-0,996499896049;1;blink
SKL94w;2017-01-18-11-52-36;8;7;0;Reverse rotation;;24,0580000877;-0,996499896049;1;blink
SKL94w;2017-01-18-11-52-36;8;7;0;Percept;-1;24,5090000629;-0,771999955177;1;blink
SKL94w;2017-01-18-11-52-36;8;8;1,5;Trajectory limit;-1;28,0510001183;1,00350010395;-1;blink
SKL94w;2017-01-18-11-52-36;8;8;1,5;Reverse rotation;;28,0590000153;1,00350010395;-1;blink
SKL94w;2017-01-18-11-52-36;8;8;1,5;Percept;1;28,5090000629;0,778500080109;-1;blink
SKL94w;2017-01-18-11-52-36;8;8;1,5;Sound;1.5;28,7590000629;0,649500131607;-1;blink
SKL94w;2017-01-18-11-52-36;8;8;1,5;Percept;1;31,4850001335;-0,708999872208;-1;blink
SKL94w;2017-01-18-11-52-36;8;9;1;Trajectory limit;1;32,0610001087;-0,999000072479;1;blink
SKL94w;2017-01-18-11-52-36;8;9;1;Reverse rotation;;32,0690000057;-0,999000072479;1;blink
SKL94w;2017-01-18-11-52-36;8;9;1;Percept;-1;32,7090001106;-0,678500056267;1;blink
SKL94w;2017-01-18-11-52-36;8;9;1;Sound;1.0;33,2600002289;-0,399000048637;1;blink
SKL94w;2017-01-18-11-52-36;8;9;1;Percept;1;35,5850000381;0,759499907494;1;blink
SKL94w;2017-01-18-11-52-36;8;10;0;Trajectory limit;-1;36,0600001812;1,00099992752;-1;blink
SKL94w;2017-01-18-11-52-36;8;10;0;Reverse rotation;;36,0680000782;1,00099992752;-1;blink
SKL94w;2017-01-18-11-52-36;8;10;0;Percept;-1;36,3850002289;0,84249997139;-1;blink
SKL94w;2017-01-18-11-52-36;8;11;1,5;Trajectory limit;1;40,0680000782;-0,996999979019;1;blink
SKL94w;2017-01-18-11-52-36;8;11;1,5;Reverse rotation;;40,0760002136;-0,996999979019;1;blink
SKL94w;2017-01-18-11-52-36;8;11;1,5;Sound;1.5;40,7680001259;-0,646999955177;1;blink
SKL94w;2017-01-18-11-52-36;8;11;1,5;Percept;1;43,6510000229;0,790500044823;1;blink
SKL94w;2017-01-18-11-52-36;8;12;1,5;Trajectory limit;-1;44,0680000782;1,00300002098;-1;blink
SKL94w;2017-01-18-11-52-36;8;12;1,5;Reverse rotation;;44,0750000477;1,00300002098;-1;blink
SKL94w;2017-01-18-11-52-36;8;12;1,5;Percept;-1;44,4760000706;0,802999973297;-1;blink
SKL94w;2017-01-18-11-52-36;8;12;1,5;Sound;1.5;44,7760000229;0,649000048637;-1;blink
SKL94w;2017-01-18-11-52-36;8;12;1,5;Percept;1;47,4520001411;-0,68499994278;-1;blink
SKL94w;2017-01-18-11-52-36;8;13;0;Trajectory limit;1;48,0770001411;-0,99849998951;1;blink
SKL94w;2017-01-18-11-52-36;8;13;0;Reverse rotation;;48,0850000381;-0,99849998951;1;blink
SKL94w;2017-01-18-11-52-36;8;13;0;Percept;-1;48,6680002213;-0,707000017166;1;blink
SKL94w;2017-01-18-11-52-36;8;14;1;Trajectory limit;-1;52,0770001411;1,00150001049;-1;blink
SKL94w;2017-01-18-11-52-36;8;14;1;Reverse rotation;;52,0850000381;1,00150001049;-1;blink
SKL94w;2017-01-18-11-52-36;8;14;1;Percept;1;52,5180001259;0,784999966621;-1;blink
SKL94w;2017-01-18-11-52-36;8;14;1;Sound;1.0;53,2850000858;0,397500038147;-1;blink
SKL94w;2017-01-18-11-52-36;8;14;1;Percept;1;55,5270001888;-0,71899998188;-1;blink
SKL94w;2017-01-18-11-52-36;8;15;1,5;Trajectory limit;1;56,0850000381;-0,997500061989;1;blink
SKL94w;2017-01-18-11-52-36;8;15;1,5;Reverse rotation;;56,0930001736;-0,997500061989;1;blink
SKL94w;2017-01-18-11-52-36;8;15;1,5;Percept;-1;56,6760001183;-0,705999970436;1;blink
SKL94w;2017-01-18-11-52-36;8;15;1,5;Sound;1.5;56,7850000858;-0,647500038147;1;blink
SKL94w;2017-01-18-11-52-36;8;15;1,5;Percept;1;59,5180001259;0,715000033379;1;blink
SKL94w;2017-01-18-11-52-36;8;16;0;Trajectory limit;-1;60,0850000381;1,00249993801;-1;blink
SKL94w;2017-01-18-11-52-36;8;16;0;Reverse rotation;;60,0930001736;1,00249993801;-1;blink
SKL94w;2017-01-18-11-52-36;8;16;0;Percept;-1;60,6430001259;0,727499842644;-1;blink
SKL94w;2017-01-18-11-52-36;8;17;1,5;Trajectory limit;1;64,0930001736;-0,9984998703;1;blink
SKL94w;2017-01-18-11-52-36;8;17;1,5;Reverse rotation;;64,1010000706;-0,9984998703;1;blink
SKL94w;2017-01-18-11-52-36;8;17;1,5;Sound;1.5;64,7940001488;-0,647999882698;1;blink
SKL94w;2017-01-18-11-52-36;8;17;1,5;Percept;1;67,4690001011;0,685500144958;1;blink
SKL94w;2017-01-18-11-52-36;8;18;1,5;Trajectory limit;-1;68,0940001011;1,00200009346;-1;blink
SKL94w;2017-01-18-11-52-36;8;18;1,5;Reverse rotation;;68,1019999981;1,00200009346;-1;blink
SKL94w;2017-01-18-11-52-36;8;18;1,5;Percept;-1;68,6019999981;0,75200009346;-1;blink
SKL94w;2017-01-18-11-52-36;8;18;1,5;Sound;1.5;68,8020000458;0,648000121117;-1;blink
SKL94w;2017-01-18-11-52-36;8;18;1,5;Percept;1;71,5940001011;-0,743499875069;-1;blink
SKL94w;2017-01-18-11-52-36;8;19;0;Trajectory limit;1;72,1019999981;-0,998000144958;1;blink
SKL94w;2017-01-18-11-52-36;8;19;0;Reverse rotation;;72,1100001335;-0,998000144958;1;blink
SKL94w;2017-01-18-11-52-36;8;19;0;Percept;-1;72,6860001087;-0,710500121117;1;blink
SKL94w;2017-01-18-11-52-36;8;20;1,5;Trajectory limit;-1;76,1019999981;1,00199985504;-1;blink
SKL94w;2017-01-18-11-52-36;8;20;1,5;Reverse rotation;;76,1100001335;1,00199985504;-1;blink
SKL94w;2017-01-18-11-52-36;8;20;1,5;Sound;1.5;76,8100001812;0,647999763489;-1;blink
SKL94w;2017-01-18-11-52-36;8;20;1,5;Percept;1;77,1270000935;0,493499755859;-1;blink
SKL94w;2017-01-18-11-52-36;8;20;1,5;Percept;1;79,6850001812;-0,7855001688;-1;blink
SKL94w;2017-01-18-11-52-36;8;21;1;Trajectory limit;1;80,1100001335;-0,997999787331;1;blink
SKL94w;2017-01-18-11-52-36;8;21;1;Reverse rotation;;80,1180000305;-0,997999787331;1;blink
SKL94w;2017-01-18-11-52-36;8;21;1;Percept;-1;80,7350001335;-0,689499855042;1;blink
SKL94w;2017-01-18-11-52-36;8;21;1;Sound;1.0;81,3100001812;-0,397999763489;1;blink
SKL94w;2017-01-18-11-52-36;8;21;1;Percept;1;83,6190001965;0,75250017643;1;blink
SKL94w;2017-01-18-11-52-36;8;22;0;Trajectory limit;-1;84,111000061;1,00250017643;-1;blink
SKL94w;2017-01-18-11-52-36;8;22;0;Reverse rotation;;84,1190001965;1,00250017643;-1;blink
SKL94w;2017-01-18-11-52-36;8;22;0;Percept;-1;84,6860001087;0,719000101089;-1;blink
SKL94w;2017-01-18-11-52-36;8;23;1;Trajectory limit;1;88,1190001965;-0,998500108719;1;blink
SKL94w;2017-01-18-11-52-36;8;23;1;Reverse rotation;;88,1270000935;-0,998500108719;1;blink
SKL94w;2017-01-18-11-52-36;8;23;1;Sound;1.0;89,3190000057;-0,398500204086;1;blink
SKL94w;2017-01-18-11-52-36;8;23;1;Percept;1;91,5940001011;0,734999895096;1;blink
SKL94w;2017-01-18-11-52-36;8;24;1;Trajectory limit;-1;92,1190001965;1,00149989128;-1;blink
SKL94w;2017-01-18-11-52-36;8;24;1;Reverse rotation;;92,1270000935;1,00149989128;-1;blink
SKL94w;2017-01-18-11-52-36;8;24;1;Percept;-1;92,5940001011;0,767999887466;-1;blink
SKL94w;2017-01-18-11-52-36;8;24;1;Sound;1.0;93,3270001411;0,397499918938;-1;blink
SKL94w;2017-01-18-11-52-36;8;24;1;Percept;1;95,5600001812;-0,715500116348;-1;blink
SKL94w;2017-01-18-11-52-36;8;24;1;Block end;;96,0020000935;-0,936000108719;-1;blink
